route_id,source,destination,distance_km,travel_time_hours,transport_cost_per_unit,available,risk_factor
R_F1_S1,F1,S1,131.6,2.63,0.1423,True,0.16
R_F1_S2,F1,S2,96.4,1.93,0.1035,True,0.12
R_F2_S1,F2,S1,151.3,3.03,0.1676,True,0.15
R_F2_S2,F2,S2,91.9,1.84,0.0978,True,0.07
R_F3_S1,F3,S1,147.2,2.94,0.1601,True,0.13
R_F3_S2,F3,S2,91.7,1.83,0.1158,True,0.11
R_S1_M1,S1,M1,31.1,0.62,0.0624,True,0.1
R_S1_M2,S1,M2,70.2,1.4,0.1061,True,0.07
R_S1_M3,S1,M3,84.8,1.7,0.1026,True,0.16
R_S2_M1,S2,M1,97.5,1.95,0.1238,True,0.07
R_S2_M2,S2,M2,121.7,2.43,0.1222,True,0.15
R_S2_M3,S2,M3,152.4,3.05,0.1598,True,0.11
R_DIR_F1_M1,F1,M1,147.8,2.69,0.2571,True,0.23
R_DIR_F1_M2,F1,M2,201.0,3.65,0.3037,True,0.25
R_DIR_F1_M3,F1,M3,199.0,3.62,0.336,True,0.28
R_DIR_F2_M1,F2,M1,176.0,3.2,0.2669,True,0.32
R_DIR_F2_M2,F2,M2,213.0,3.87,0.3431,True,0.3
R_DIR_F2_M3,F2,M3,231.3,4.21,0.3446,True,0.19
R_DIR_F3_M1,F3,M1,178.1,3.24,0.2716,True,0.12
R_DIR_F3_M2,F3,M2,171.2,3.11,0.2916,True,0.29
R_DIR_F3_M3,F3,M3,227.3,4.13,0.3713,True,0.3
