scenario_id,seed,num_batches,num_markets,num_storage,disruption_type,method,stage,dispatched_kg,delivered_kg,spoilage_kg,spoilage_pct,fulfillment_pct,unmet_demand_kg,transport_cost,risk_score,runtime_seconds,recovery_time_seconds,rerouted_batches,is_feasible
1,1000,29,3,2,None (Normal),Nearest Market Baseline,Pre-Disruption,29940.0,19309.203092463842,10630.79690753616,35.51,64.49,0.0,9689.67,5750.2,0.00041,0.0,0,True
1,1000,29,3,2,None (Normal),Cheapest Route Baseline,Pre-Disruption,29940.0,28647.8,1292.2,4.32,95.68,0.0,7759.15,4239.75,0.00789,0.0,0,True
1,1000,29,3,2,None (Normal),Dynamic Perishable Optimizer,Pre-Disruption,30408.2,29940.0,468.2,1.54,100.0,0.0,8261.93,5819.73,0.00666,0.0,0,True
1,1000,29,3,2,truck,Nearest Market Baseline,Post-Disruption,29940.0,19309.203092463842,10630.79690753616,35.51,64.49,0.0,9689.67,5750.2,0.00043,0.00043,0,True
1,1000,29,3,2,truck,Cheapest Route Baseline,Post-Disruption,29940.0,27683.8,2256.2,7.54,92.46,0.0,7857.41,3632.4,0.00491,0.00491,0,True
1,1000,29,3,2,truck,Dynamic Re-Optimization (DPSRO),Post-Disruption,30408.2,29854.5,553.7,1.82,99.71,85.5,8306.76,6304.47,0.00361,0.00361,2,True
2,1001,23,3,2,None (Normal),Nearest Market Baseline,Pre-Disruption,30040.0,21940.155937912205,8099.844062087798,26.96,73.04,0.0,10303.55,6091.7,0.00035,0.0,0,True
2,1001,23,3,2,None (Normal),Cheapest Route Baseline,Pre-Disruption,30040.0,27754.9,2285.1,7.61,92.39,0.0,8169.68,4116.7,0.00633,0.0,0,True
2,1001,23,3,2,None (Normal),Dynamic Perishable Optimizer,Pre-Disruption,30634.0,30040.0,594.0,1.94,100.0,0.0,8717.2,5841.31,0.00557,0.0,0,True
2,1001,23,3,2,storage,Nearest Market Baseline,Post-Disruption,30040.0,21940.155937912205,8099.844062087798,26.96,73.04,0.0,10303.55,6091.7,0.00029,0.00029,0,True
2,1001,23,3,2,storage,Cheapest Route Baseline,Post-Disruption,30040.0,25933.5,4106.5,13.67,86.33,0.0,8456.23,4254.3,0.0046,0.0046,0,True
2,1001,23,3,2,storage,Dynamic Re-Optimization (DPSRO),Post-Disruption,27334.0,25628.6,1705.4,6.24,85.31,4411.4,8395.54,9161.33,0.00382,0.00382,12,True
3,1002,17,3,2,None (Normal),Nearest Market Baseline,Pre-Disruption,23160.0,13464.991349618376,9695.008650381626,41.86,58.14,0.0,7388.75,6374.3,0.00022,0.0,0,True
3,1002,17,3,2,None (Normal),Cheapest Route Baseline,Pre-Disruption,23160.0,22575.0,585.0,2.53,97.47,0.0,5445.11,2605.0,0.00535,0.0,0,True
3,1002,17,3,2,None (Normal),Dynamic Perishable Optimizer,Pre-Disruption,23592.3,23160.0,432.3,1.83,100.0,0.0,5742.5,3371.64,0.00669,0.0,0,True
3,1002,17,3,2,demand,Nearest Market Baseline,Post-Disruption,26730.0,17374.544610289093,9355.455389710909,35.0,57.71,3378.0,8290.97,7268.3,0.00026,0.00026,0,True
3,1002,17,3,2,demand,Cheapest Route Baseline,Post-Disruption,26730.0,26011.0,719.0,2.69,86.39,3378.0,6297.3,2966.89,0.00369,0.00369,0,True
3,1002,17,3,2,demand,Dynamic Re-Optimization (DPSRO),Post-Disruption,23592.3,23160.0,432.3,1.83,76.92,6948.0,5742.5,3371.62,0.00052,0.00052,0,False
4,1003,15,3,2,None (Normal),Nearest Market Baseline,Pre-Disruption,17810.0,16147.331719905413,1662.6682800945887,9.34,90.66,0.0,5462.53,3848.6,0.00016,0.0,0,True
4,1003,15,3,2,None (Normal),Cheapest Route Baseline,Pre-Disruption,17810.0,17680.7,129.3,0.73,99.27,0.0,4031.82,2197.35,0.0047,0.0,0,True
4,1003,15,3,2,None (Normal),Dynamic Perishable Optimizer,Pre-Disruption,17918.6,17810.0,108.6,0.61,100.0,0.0,4322.55,2419.11,0.00459,0.0,0,True
4,1003,15,3,2,temperature,Nearest Market Baseline,Post-Disruption,17810.0,15060.066271277561,2749.933728722439,15.44,84.56,0.0,5462.53,6520.1,0.00017,0.00017,0,True
4,1003,15,3,2,temperature,Cheapest Route Baseline,Post-Disruption,17810.0,17680.7,129.3,0.73,99.27,0.0,4031.82,4868.85,0.00342,0.00342,0,True
4,1003,15,3,2,temperature,Dynamic Re-Optimization (DPSRO),Post-Disruption,17918.6,17810.0,108.6,0.61,100.0,0.0,4322.56,2419.11,0.00047,0.00047,0,False
5,1004,12,3,2,None (Normal),Nearest Market Baseline,Pre-Disruption,14130.0,11181.728337893634,2948.271662106367,20.87,79.13,0.0,4616.2,4065.5,0.00019,0.0,0,True
5,1004,12,3,2,None (Normal),Cheapest Route Baseline,Pre-Disruption,14130.0,13333.7,796.3,5.64,94.36,0.0,3653.67,3128.5,0.00411,0.0,0,True
5,1004,12,3,2,None (Normal),Dynamic Perishable Optimizer,Pre-Disruption,14306.2,14130.0,176.2,1.23,100.0,0.0,4039.35,2066.36,0.00406,0.0,0,True
5,1004,12,3,2,combined,Nearest Market Baseline,Post-Disruption,14130.0,9634.325853395763,4495.674146604235,31.82,68.18,0.0,4616.2,6185.0,0.00013,0.00013,0,True
5,1004,12,3,2,combined,Cheapest Route Baseline,Post-Disruption,14130.0,13015.9,1114.1,7.88,92.12,0.0,3854.83,5450.2,0.00298,0.00298,0,True
5,1004,12,3,2,combined,Dynamic Re-Optimization (DPSRO),Post-Disruption,13570.0,12958.6,611.4,4.51,91.71,1171.4,3914.98,4396.06,0.00317,0.00317,6,True
6,1005,13,3,2,None (Normal),Nearest Market Baseline,Pre-Disruption,14640.0,11644.826807594765,2995.173192405234,20.46,79.54,0.0,5395.83,3450.5,0.00016,0.0,0,True
6,1005,13,3,2,None (Normal),Cheapest Route Baseline,Pre-Disruption,14640.0,14421.6,218.4,1.49,98.51,0.0,4025.47,2102.95,0.00259,0.0,0,True
6,1005,13,3,2,None (Normal),Dynamic Perishable Optimizer,Pre-Disruption,14729.5,14640.0,89.5,0.61,100.0,0.0,4156.55,2018.37,0.00356,0.0,0,True
6,1005,13,3,2,truck,Nearest Market Baseline,Post-Disruption,14640.0,11644.826807594765,2995.173192405234,20.46,79.54,0.0,5395.83,3450.5,0.00018,0.00018,0,True
6,1005,13,3,2,truck,Cheapest Route Baseline,Post-Disruption,14640.0,14418.0,222.0,1.52,98.48,0.0,4025.47,2102.95,0.00311,0.00311,0,True
6,1005,13,3,2,truck,Dynamic Re-Optimization (DPSRO),Post-Disruption,14729.5,14592.7,136.8,0.93,99.68,47.3,4211.73,2192.19,0.00322,0.00322,4,True
7,1006,27,3,2,None (Normal),Nearest Market Baseline,Pre-Disruption,35270.0,27219.73773421964,8050.262265780353,22.82,77.18,0.0,12463.24,8107.7,0.00094,0.0,0,True
7,1006,27,3,2,None (Normal),Cheapest Route Baseline,Pre-Disruption,35270.0,33851.6,1418.4,4.02,95.98,0.0,9725.29,5653.45,0.00579,0.0,0,True
7,1006,27,3,2,None (Normal),Dynamic Perishable Optimizer,Pre-Disruption,36163.3,35270.0,893.3,2.47,100.0,0.0,10546.2,9327.46,0.00669,0.0,0,True
7,1006,27,3,2,storage,Nearest Market Baseline,Post-Disruption,35270.0,27219.73773421964,8050.262265780353,22.82,77.18,0.0,12463.24,8107.7,0.0003,0.0003,0,True
7,1006,27,3,2,storage,Cheapest Route Baseline,Post-Disruption,35270.0,30279.7,4990.3,14.15,85.85,0.0,11157.83,7828.1,0.00579,0.00579,0,True
7,1006,27,3,2,storage,Dynamic Re-Optimization (DPSRO),Post-Disruption,34153.3,30235.4,3917.9,11.47,85.73,5034.6,10952.15,15633.79,0.00483,0.00483,15,True
8,1007,28,3,2,None (Normal),Nearest Market Baseline,Pre-Disruption,32920.0,27620.705326805783,5299.2946731942175,16.1,83.9,0.0,11483.78,7690.4,0.00039,0.0,0,True
8,1007,28,3,2,None (Normal),Cheapest Route Baseline,Pre-Disruption,32920.0,32255.5,664.5,2.02,97.98,0.0,8075.64,5274.3,0.00518,0.0,0,True
8,1007,28,3,2,None (Normal),Dynamic Perishable Optimizer,Pre-Disruption,33283.9,32920.0,363.9,1.09,100.0,0.0,8620.75,7039.42,0.00859,0.0,0,True
8,1007,28,3,2,demand,Nearest Market Baseline,Post-Disruption,35980.0,31178.035080162685,4801.9649198373145,13.35,72.85,6816.0,11942.29,8524.18,0.00033,0.00033,0,True
8,1007,28,3,2,demand,Cheapest Route Baseline,Post-Disruption,35980.0,35131.4,848.6,2.36,82.09,6816.0,8816.55,6147.8,0.00541,0.00541,0,True
8,1007,28,3,2,demand,Dynamic Re-Optimization (DPSRO),Post-Disruption,33284.0,32920.0,364.0,1.09,76.92,9876.0,8620.75,7039.43,0.00065,0.00065,0,False
9,1008,19,3,2,None (Normal),Nearest Market Baseline,Pre-Disruption,20040.0,17302.025575147316,2737.9744248526868,13.66,86.34,0.0,5564.11,4149.0,0.00027,0.0,0,True
9,1008,19,3,2,None (Normal),Cheapest Route Baseline,Pre-Disruption,20040.0,19901.7,138.3,0.69,99.31,0.0,3987.71,2726.45,0.0101,0.0,0,True
9,1008,19,3,2,None (Normal),Dynamic Perishable Optimizer,Pre-Disruption,20151.0,20040.0,111.0,0.55,100.0,0.0,4599.27,2833.68,0.00531,0.0,0,True
9,1008,19,3,2,temperature,Nearest Market Baseline,Post-Disruption,20040.0,15592.85742525615,4447.14257474385,22.19,77.81,0.0,5564.11,7155.0,0.0018,0.0018,0,True
9,1008,19,3,2,temperature,Cheapest Route Baseline,Post-Disruption,20040.0,19901.7,138.3,0.69,99.31,0.0,3987.71,5732.45,0.00702,0.00702,0,True
9,1008,19,3,2,temperature,Dynamic Re-Optimization (DPSRO),Post-Disruption,20151.0,20040.0,111.0,0.55,100.0,0.0,4599.28,2833.67,0.00055,0.00055,0,False
10,1009,25,3,2,None (Normal),Nearest Market Baseline,Pre-Disruption,25820.0,18392.392530343222,7427.607469656772,28.77,71.23,0.0,8259.64,4534.5,0.00029,0.0,0,True
10,1009,25,3,2,None (Normal),Cheapest Route Baseline,Pre-Disruption,25820.0,25130.6,689.4,2.67,97.33,0.0,6296.42,2741.95,0.00455,0.0,0,True
10,1009,25,3,2,None (Normal),Dynamic Perishable Optimizer,Pre-Disruption,25958.8,25820.0,138.8,0.53,100.0,0.0,6557.74,3453.55,0.00937,0.0,0,True
10,1009,25,3,2,combined,Nearest Market Baseline,Post-Disruption,25820.0,14282.94867526307,11537.05132473693,44.68,55.32,0.0,8578.14,8516.7,0.00021,0.00021,0,True
10,1009,25,3,2,combined,Cheapest Route Baseline,Post-Disruption,25820.0,19581.0,6239.0,24.16,75.84,0.0,7518.33,7759.8,0.00423,0.00423,0,True
10,1009,25,3,2,combined,Dynamic Re-Optimization (DPSRO),Post-Disruption,25958.8,24331.8,1626.9,6.27,94.24,1488.2,7956.79,11555.78,0.00537,0.00537,13,True
11,1010,14,3,2,None (Normal),Nearest Market Baseline,Pre-Disruption,14950.0,8823.27907430553,6126.720925694468,40.98,59.02,0.0,5120.77,3705.6,0.00017,0.0,0,True
11,1010,14,3,2,None (Normal),Cheapest Route Baseline,Pre-Disruption,14950.0,14561.4,388.6,2.6,97.4,0.0,3897.46,1627.15,0.00362,0.0,0,True
11,1010,14,3,2,None (Normal),Dynamic Perishable Optimizer,Pre-Disruption,15195.8,14950.0,245.8,1.62,100.0,0.0,4022.13,2141.48,0.00413,0.0,0,True
11,1010,14,3,2,truck,Nearest Market Baseline,Post-Disruption,14950.0,8823.27907430553,6126.720925694468,40.98,59.02,0.0,5120.77,3705.6,0.00017,0.00017,0,True
11,1010,14,3,2,truck,Cheapest Route Baseline,Post-Disruption,14950.0,14441.7,508.3,3.4,96.6,0.0,3928.36,1799.6,0.00394,0.00394,0,True
11,1010,14,3,2,truck,Dynamic Re-Optimization (DPSRO),Post-Disruption,15195.8,14664.9,530.9,3.49,98.09,285.1,4074.62,2770.57,0.00474,0.00474,5,True
12,1011,21,3,2,None (Normal),Nearest Market Baseline,Pre-Disruption,26410.0,17722.35783062063,8687.642169379375,32.9,67.1,0.0,9056.77,6298.4,0.00028,0.0,0,True
12,1011,21,3,2,None (Normal),Cheapest Route Baseline,Pre-Disruption,26410.0,25682.8,727.2,2.75,97.25,0.0,6929.67,3783.55,0.00427,0.0,0,True
12,1011,21,3,2,None (Normal),Dynamic Perishable Optimizer,Pre-Disruption,26934.6,26410.0,524.6,1.95,100.0,0.0,7334.24,4406.3,0.00591,0.0,0,True
12,1011,21,3,2,storage,Nearest Market Baseline,Post-Disruption,26410.0,17722.35783062063,8687.642169379375,32.9,67.1,0.0,9056.77,6298.4,0.00024,0.00024,0,True
12,1011,21,3,2,storage,Cheapest Route Baseline,Post-Disruption,26410.0,22518.3,3891.7,14.74,85.26,0.0,7855.78,5628.85,0.00394,0.00394,0,True
12,1011,21,3,2,storage,Dynamic Re-Optimization (DPSRO),Post-Disruption,22463.0,19652.3,2810.7,12.51,74.41,6757.7,6846.66,7181.7,0.00391,0.00391,11,True
13,1012,11,3,2,None (Normal),Nearest Market Baseline,Pre-Disruption,12650.0,9194.78396785217,3455.216032147832,27.31,72.69,0.0,5055.03,2927.0,0.00016,0.0,0,True
13,1012,11,3,2,None (Normal),Cheapest Route Baseline,Pre-Disruption,12650.0,12393.4,256.6,2.03,97.97,0.0,3840.77,1810.3,0.00542,0.0,0,True
13,1012,11,3,2,None (Normal),Dynamic Perishable Optimizer,Pre-Disruption,12893.1,12650.0,243.1,1.89,100.0,0.0,4032.13,1796.59,0.0048,0.0,0,True
13,1012,11,3,2,demand,Nearest Market Baseline,Post-Disruption,13300.0,9884.389525246372,3415.610474753628,25.68,60.11,3145.0,5230.69,2699.07,0.00044,0.00044,0,True
13,1012,11,3,2,demand,Cheapest Route Baseline,Post-Disruption,13300.0,13039.3,260.7,1.96,79.29,3145.0,4026.11,1883.32,0.00346,0.00346,0,True
13,1012,11,3,2,demand,Dynamic Re-Optimization (DPSRO),Post-Disruption,12893.1,12650.0,243.1,1.89,76.92,3795.0,4032.13,1796.59,0.00045,0.00045,0,False
14,1013,18,3,2,None (Normal),Nearest Market Baseline,Pre-Disruption,21640.0,15769.253520430606,5870.746479569393,27.13,72.87,0.0,6498.76,5108.7,0.00023,0.0,0,True
14,1013,18,3,2,None (Normal),Cheapest Route Baseline,Pre-Disruption,21640.0,20473.6,1166.4,5.39,94.61,0.0,5042.3,3237.3,0.00487,0.0,0,True
14,1013,18,3,2,None (Normal),Dynamic Perishable Optimizer,Pre-Disruption,21936.9,21640.0,296.9,1.35,100.0,0.0,5691.43,2996.05,0.0053,0.0,0,True
14,1013,18,3,2,temperature,Nearest Market Baseline,Post-Disruption,21640.0,12903.268658476927,8736.731341523075,40.37,59.63,0.0,6498.76,8354.7,0.00025,0.00025,0,True
14,1013,18,3,2,temperature,Cheapest Route Baseline,Post-Disruption,21640.0,19925.5,1714.5,7.92,92.08,0.0,5042.3,6483.3,0.00415,0.00415,0,True
14,1013,18,3,2,temperature,Dynamic Re-Optimization (DPSRO),Post-Disruption,21936.9,21640.0,296.9,1.35,100.0,0.0,5691.41,2996.05,0.00054,0.00054,0,False
15,1014,20,3,2,None (Normal),Nearest Market Baseline,Pre-Disruption,27380.0,20056.84833754513,7323.1516624548685,26.75,73.25,0.0,8994.49,5164.1,0.00052,0.0,0,True
15,1014,20,3,2,None (Normal),Cheapest Route Baseline,Pre-Disruption,27380.0,25705.8,1674.2,6.11,93.89,0.0,7058.7,3523.95,0.00563,0.0,0,True
15,1014,20,3,2,None (Normal),Dynamic Perishable Optimizer,Pre-Disruption,27907.5,27380.0,527.5,1.89,100.0,0.0,7593.55,6764.74,0.00529,0.0,0,True
15,1014,20,3,2,combined,Nearest Market Baseline,Post-Disruption,27380.0,16750.852951781984,10629.14704821802,38.82,61.18,0.0,8994.49,9271.1,0.00018,0.00018,0,True
15,1014,20,3,2,combined,Cheapest Route Baseline,Post-Disruption,27380.0,21319.0,6061.0,22.14,77.86,0.0,7968.41,8959.55,0.00312,0.00312,0,True
15,1014,20,3,2,combined,Dynamic Re-Optimization (DPSRO),Post-Disruption,23740.0,21333.8,2406.2,10.14,77.92,6046.2,7359.57,9716.3,0.00318,0.00318,7,True
16,1015,15,3,2,None (Normal),Nearest Market Baseline,Pre-Disruption,15630.0,10607.256230525161,5022.743769474839,32.14,67.86,0.0,4472.37,3515.3,0.0002,0.0,0,True
16,1015,15,3,2,None (Normal),Cheapest Route Baseline,Pre-Disruption,15630.0,15405.1,224.9,1.44,98.56,0.0,3450.51,2487.7,0.00575,0.0,0,True
16,1015,15,3,2,None (Normal),Dynamic Perishable Optimizer,Pre-Disruption,15759.2,15630.0,129.2,0.82,100.0,0.0,3977.99,2228.33,0.00377,0.0,0,True
16,1015,15,3,2,truck,Nearest Market Baseline,Post-Disruption,15630.0,10607.256230525161,5022.743769474839,32.14,67.86,0.0,4472.37,3515.3,0.00018,0.00018,0,True
16,1015,15,3,2,truck,Cheapest Route Baseline,Post-Disruption,15630.0,15394.9,235.1,1.5,98.5,0.0,3450.51,2487.7,0.00313,0.00313,0,True
16,1015,15,3,2,truck,Dynamic Re-Optimization (DPSRO),Post-Disruption,15759.2,15613.6,145.5,0.92,99.9,16.3,4026.61,2351.05,0.00559,0.00559,3,True
17,1016,11,3,2,None (Normal),Nearest Market Baseline,Pre-Disruption,11600.0,7357.283465696096,4242.716534303904,36.58,63.42,0.0,3353.55,2204.4,0.00016,0.0,0,True
17,1016,11,3,2,None (Normal),Cheapest Route Baseline,Pre-Disruption,11600.0,11382.6,217.4,1.87,98.13,0.0,2606.06,1628.25,0.00325,0.0,0,True
17,1016,11,3,2,None (Normal),Dynamic Perishable Optimizer,Pre-Disruption,11769.9,11600.0,169.9,1.44,100.0,0.0,2688.73,1850.06,0.00321,0.0,0,True
17,1016,11,3,2,storage,Nearest Market Baseline,Post-Disruption,11600.0,6911.528394866443,4688.471605133557,40.42,59.58,0.0,3602.61,2516.8,0.00011,0.00011,0,True
17,1016,11,3,2,storage,Cheapest Route Baseline,Post-Disruption,11600.0,11353.8,246.2,2.12,97.88,0.0,2689.46,1657.65,0.00294,0.00294,0,True
17,1016,11,3,2,storage,Dynamic Re-Optimization (DPSRO),Post-Disruption,11769.9,11500.6,269.3,2.29,99.14,99.4,2729.62,1950.16,0.00501,0.00501,5,True
18,1017,17,3,2,None (Normal),Nearest Market Baseline,Pre-Disruption,21390.0,16277.205996383998,5112.794003615999,23.9,76.1,0.0,7792.09,5858.1,0.00023,0.0,0,True
18,1017,17,3,2,None (Normal),Cheapest Route Baseline,Pre-Disruption,21390.0,21113.5,276.5,1.29,98.71,0.0,5706.04,2680.55,0.00389,0.0,0,True
18,1017,17,3,2,None (Normal),Dynamic Perishable Optimizer,Pre-Disruption,21618.7,21390.0,228.7,1.06,100.0,0.0,5824.56,3150.1,0.00373,0.0,0,True
18,1017,17,3,2,demand,Nearest Market Baseline,Post-Disruption,24990.0,20014.887249003204,4975.112750996795,19.91,71.98,2817.0,8976.7,7109.46,0.0003,0.0003,0,True
18,1017,17,3,2,demand,Cheapest Route Baseline,Post-Disruption,24990.0,24602.7,387.3,1.55,88.48,2817.0,6762.92,3031.71,0.00512,0.00512,0,True
18,1017,17,3,2,demand,Dynamic Re-Optimization (DPSRO),Post-Disruption,21618.7,21390.0,228.7,1.06,76.92,6417.0,5824.56,3150.1,0.00053,0.00053,0,False
19,1018,19,3,2,None (Normal),Nearest Market Baseline,Pre-Disruption,22040.0,16614.22038545763,5425.779614542371,24.62,75.38,0.0,6445.06,5403.5,0.00022,0.0,0,True
19,1018,19,3,2,None (Normal),Cheapest Route Baseline,Pre-Disruption,22040.0,21058.7,981.3,4.45,95.55,0.0,5072.98,4798.2,0.0036,0.0,0,True
19,1018,19,3,2,None (Normal),Dynamic Perishable Optimizer,Pre-Disruption,22274.3,22040.0,234.3,1.05,100.0,0.0,5926.16,2932.88,0.00442,0.0,0,True
19,1018,19,3,2,temperature,Nearest Market Baseline,Post-Disruption,22040.0,14861.589563268166,7178.410436731832,32.57,67.43,0.0,6445.06,8709.5,0.00023,0.00023,0,True
19,1018,19,3,2,temperature,Cheapest Route Baseline,Post-Disruption,22040.0,20654.9,1385.1,6.28,93.72,0.0,5072.98,8104.2,0.00394,0.00394,0,True
19,1018,19,3,2,temperature,Dynamic Re-Optimization (DPSRO),Post-Disruption,22274.3,22040.0,234.3,1.05,100.0,0.0,5926.15,2932.88,0.00054,0.00054,0,False
20,1019,15,3,2,None (Normal),Nearest Market Baseline,Pre-Disruption,16330.0,14059.841945662363,2270.158054337636,13.9,86.1,0.0,4899.2,3353.1,0.00023,0.0,0,True
20,1019,15,3,2,None (Normal),Cheapest Route Baseline,Pre-Disruption,16330.0,16111.4,218.6,1.34,98.66,0.0,3941.28,1800.5,0.00348,0.0,0,True
20,1019,15,3,2,None (Normal),Dynamic Perishable Optimizer,Pre-Disruption,16497.1,16330.0,167.1,1.01,100.0,0.0,4166.99,2237.18,0.00658,0.0,0,True
20,1019,15,3,2,combined,Nearest Market Baseline,Post-Disruption,16330.0,12958.98631764475,3371.0136823552475,20.64,79.36,0.0,4899.2,5802.6,0.00016,0.00016,0,True
20,1019,15,3,2,combined,Cheapest Route Baseline,Post-Disruption,16330.0,15069.0,1261.0,7.72,92.28,0.0,4261.98,4860.8,0.00297,0.00297,0,True
20,1019,15,3,2,combined,Dynamic Re-Optimization (DPSRO),Post-Disruption,14297.1,13456.6,840.5,5.88,82.4,2873.4,3900.64,4699.34,0.00481,0.00481,13,True
21,1020,17,3,2,None (Normal),Nearest Market Baseline,Pre-Disruption,16620.0,13271.24054257051,3348.7594574294903,20.15,79.85,0.0,5338.33,4002.0,0.00022,0.0,0,True
21,1020,17,3,2,None (Normal),Cheapest Route Baseline,Pre-Disruption,16620.0,16461.7,158.3,0.95,99.05,0.0,3687.16,1969.75,0.00503,0.0,0,True
21,1020,17,3,2,None (Normal),Dynamic Perishable Optimizer,Pre-Disruption,16731.7,16620.0,111.7,0.67,100.0,0.0,3952.22,2315.99,0.00519,0.0,0,True
21,1020,17,3,2,truck,Nearest Market Baseline,Post-Disruption,16620.0,13271.24054257051,3348.7594574294903,20.15,79.85,0.0,5338.33,4002.0,0.00019,0.00019,0,True
21,1020,17,3,2,truck,Cheapest Route Baseline,Post-Disruption,16620.0,16408.4,211.6,1.27,98.73,0.0,3711.44,2064.95,0.00359,0.00359,0,True
21,1020,17,3,2,truck,Dynamic Re-Optimization (DPSRO),Post-Disruption,16731.7,16481.1,250.6,1.5,99.16,138.9,4300.59,3747.42,0.00505,0.00505,3,True
22,1021,27,3,2,None (Normal),Nearest Market Baseline,Pre-Disruption,35750.0,27802.66107035139,7947.338929648612,22.23,77.77,0.0,11473.78,7382.6,0.00042,0.0,0,True
22,1021,27,3,2,None (Normal),Cheapest Route Baseline,Pre-Disruption,35750.0,34602.8,1147.2,3.21,96.79,0.0,8792.82,4418.6,0.0057,0.0,0,True
22,1021,27,3,2,None (Normal),Dynamic Perishable Optimizer,Pre-Disruption,36308.7,35750.0,558.7,1.54,100.0,0.0,9357.86,5984.82,0.00553,0.0,0,True
22,1021,27,3,2,storage,Nearest Market Baseline,Post-Disruption,35750.0,25594.694865539608,10155.305134460392,28.41,71.59,0.0,11795.19,7325.0,0.00048,0.00048,0,True
22,1021,27,3,2,storage,Cheapest Route Baseline,Post-Disruption,35750.0,28187.5,7562.5,21.15,78.85,0.0,10107.97,6512.9,0.00528,0.00528,0,True
22,1021,27,3,2,storage,Dynamic Re-Optimization (DPSRO),Post-Disruption,30358.7,28649.1,1709.6,5.63,80.14,7100.9,8789.67,9619.0,0.0053,0.0053,14,True
23,1022,22,3,2,None (Normal),Nearest Market Baseline,Pre-Disruption,25470.0,17049.28155646522,8420.718443534779,33.06,66.94,0.0,9298.08,6889.4,0.00029,0.0,0,True
23,1022,22,3,2,None (Normal),Cheapest Route Baseline,Pre-Disruption,25470.0,25019.3,450.7,1.77,98.23,0.0,7052.75,3036.0,0.00476,0.0,0,True
23,1022,22,3,2,None (Normal),Dynamic Perishable Optimizer,Pre-Disruption,25697.4,25470.0,227.4,0.88,100.0,0.0,7345.24,3570.29,0.00619,0.0,0,True
23,1022,22,3,2,demand,Nearest Market Baseline,Post-Disruption,31090.0,22832.22646946275,8257.773530537246,26.56,68.96,2021.0,11244.09,8130.45,0.00039,0.00039,0,True
23,1022,22,3,2,demand,Cheapest Route Baseline,Post-Disruption,31090.0,29334.8,1755.2,5.65,88.6,2021.0,9006.65,4612.73,0.00446,0.00446,0,True
23,1022,22,3,2,demand,Dynamic Re-Optimization (DPSRO),Post-Disruption,25697.4,25470.0,227.4,0.88,76.92,7641.0,7345.23,3570.29,0.00098,0.00098,0,False
24,1023,17,3,2,None (Normal),Nearest Market Baseline,Pre-Disruption,18820.0,16377.815562511925,2442.1844374880775,12.98,87.02,0.0,5739.02,4673.3,0.00021,0.0,0,True
24,1023,17,3,2,None (Normal),Cheapest Route Baseline,Pre-Disruption,18820.0,18698.8,121.2,0.64,99.36,0.0,4170.8,2266.4,0.00471,0.0,0,True
24,1023,17,3,2,None (Normal),Dynamic Perishable Optimizer,Pre-Disruption,18879.2,18820.0,59.2,0.31,100.0,0.0,4811.14,2607.29,0.00496,0.0,0,True
24,1023,17,3,2,temperature,Nearest Market Baseline,Post-Disruption,18820.0,14635.977267221071,4184.022732778929,22.23,77.77,0.0,5739.02,7496.3,0.00022,0.00022,0,True
24,1023,17,3,2,temperature,Cheapest Route Baseline,Post-Disruption,18820.0,18698.8,121.2,0.64,99.36,0.0,4170.8,5089.4,0.00329,0.00329,0,True
24,1023,17,3,2,temperature,Dynamic Re-Optimization (DPSRO),Post-Disruption,18879.2,18820.0,59.2,0.31,100.0,0.0,4811.15,2607.3,0.00043,0.00043,0,False
25,1024,27,3,2,None (Normal),Nearest Market Baseline,Pre-Disruption,37100.0,29678.609074305838,7421.390925694169,20.0,80.0,0.0,11302.55,10439.5,0.00042,0.0,0,True
25,1024,27,3,2,None (Normal),Cheapest Route Baseline,Pre-Disruption,37100.0,35506.1,1593.9,4.3,95.7,0.0,8988.72,4681.3,0.00686,0.0,0,True
25,1024,27,3,2,None (Normal),Dynamic Perishable Optimizer,Pre-Disruption,37618.7,37100.0,518.7,1.38,100.0,0.0,9505.41,5931.25,0.00572,0.0,0,True
25,1024,27,3,2,combined,Nearest Market Baseline,Post-Disruption,37100.0,26518.74323571416,10581.256764285843,28.52,71.48,0.0,11302.55,16004.5,0.0003,0.0003,0,True
25,1024,27,3,2,combined,Cheapest Route Baseline,Post-Disruption,37100.0,32018.5,5081.5,13.7,86.3,0.0,9511.57,12130.7,0.00408,0.00408,0,True
25,1024,27,3,2,combined,Dynamic Re-Optimization (DPSRO),Post-Disruption,34058.7,32110.4,1948.2,5.72,86.55,4989.6,8603.56,12236.76,0.00548,0.00548,14,True
26,1025,28,3,2,None (Normal),Nearest Market Baseline,Pre-Disruption,33610.0,26608.608536485703,7001.391463514303,20.83,79.17,0.0,11317.27,8443.7,0.00034,0.0,0,True
26,1025,28,3,2,None (Normal),Cheapest Route Baseline,Pre-Disruption,33610.0,30158.8,3451.2,10.27,89.73,0.0,9393.98,5438.7,0.00431,0.0,0,True
26,1025,28,3,2,None (Normal),Dynamic Perishable Optimizer,Pre-Disruption,34758.8,33610.0,1148.8,3.31,100.0,0.0,10643.97,11509.78,0.00772,0.0,0,True
26,1025,28,3,2,truck,Nearest Market Baseline,Post-Disruption,33610.0,26608.608536485703,7001.391463514303,20.83,79.17,0.0,11317.27,8443.7,0.00036,0.00036,0,True
26,1025,28,3,2,truck,Cheapest Route Baseline,Post-Disruption,33610.0,30874.2,2735.8,8.14,91.86,0.0,9393.98,5438.7,0.00427,0.00427,0,True
26,1025,28,3,2,truck,Dynamic Re-Optimization (DPSRO),Post-Disruption,34758.8,33588.9,1169.9,3.37,99.94,21.1,10640.4,11555.17,0.00381,0.00381,1,True
27,1026,29,3,2,None (Normal),Nearest Market Baseline,Pre-Disruption,38080.0,28650.56922148468,9429.430778515321,24.76,75.24,0.0,11680.0,10467.2,0.00049,0.0,0,True
27,1026,29,3,2,None (Normal),Cheapest Route Baseline,Pre-Disruption,38080.0,33293.9,4786.1,12.57,87.43,0.0,10457.89,6546.2,0.00577,0.0,0,True
27,1026,29,3,2,None (Normal),Dynamic Perishable Optimizer,Pre-Disruption,39170.0,37850.1,1319.9,3.37,99.4,229.9,11270.81,9741.04,0.00814,0.0,0,True
27,1026,29,3,2,storage,Nearest Market Baseline,Post-Disruption,38080.0,28650.56922148468,9429.430778515321,24.76,75.24,0.0,11680.0,10467.2,0.0004,0.0004,0,True
27,1026,29,3,2,storage,Cheapest Route Baseline,Post-Disruption,38080.0,30955.0,7125.0,18.71,81.29,0.0,11430.21,9974.4,0.00466,0.00466,0,True
27,1026,29,3,2,storage,Dynamic Re-Optimization (DPSRO),Post-Disruption,33220.0,30319.4,2900.6,8.73,79.62,7760.6,10332.21,12564.78,0.00472,0.00472,11,True
28,1027,20,3,2,None (Normal),Nearest Market Baseline,Pre-Disruption,21030.0,14443.490494594082,6586.509505405917,31.32,68.68,0.0,7196.67,5055.5,0.00027,0.0,0,True
28,1027,20,3,2,None (Normal),Cheapest Route Baseline,Pre-Disruption,21030.0,20653.6,376.4,1.79,98.21,0.0,5665.04,2983.75,0.00443,0.0,0,True
28,1027,20,3,2,None (Normal),Dynamic Perishable Optimizer,Pre-Disruption,21234.6,21030.0,204.6,0.96,100.0,0.0,5914.07,3179.03,0.00526,0.0,0,True
28,1027,20,3,2,demand,Nearest Market Baseline,Post-Disruption,27339.0,18527.98097212065,8811.019027879349,32.23,67.77,0.0,9573.57,6962.57,0.00025,0.00025,0,True
28,1027,20,3,2,demand,Cheapest Route Baseline,Post-Disruption,27339.0,26629.8,709.2,2.59,97.41,0.0,7653.61,4083.22,0.0066,0.0066,0,True
28,1027,20,3,2,demand,Dynamic Re-Optimization (DPSRO),Post-Disruption,21234.6,21030.0,204.6,0.96,76.92,6309.0,5914.07,3179.02,0.00056,0.00056,0,False
29,1028,17,3,2,None (Normal),Nearest Market Baseline,Pre-Disruption,23760.0,19377.138353735518,4382.861646264482,18.45,81.55,0.0,7588.9,6028.1,0.00021,0.0,0,True
29,1028,17,3,2,None (Normal),Cheapest Route Baseline,Pre-Disruption,23760.0,22746.2,1013.8,4.27,95.73,0.0,5784.44,3828.45,0.00365,0.0,0,True
29,1028,17,3,2,None (Normal),Dynamic Perishable Optimizer,Pre-Disruption,24044.5,23760.0,284.5,1.18,100.0,0.0,6146.76,3409.28,0.00462,0.0,0,True
29,1028,17,3,2,temperature,Nearest Market Baseline,Post-Disruption,23760.0,16610.489698488134,7149.510301511867,30.09,69.91,0.0,7588.9,9592.1,0.0005,0.0005,0,True
29,1028,17,3,2,temperature,Cheapest Route Baseline,Post-Disruption,23760.0,22194.1,1565.9,6.59,93.41,0.0,5784.44,7392.45,0.00495,0.00495,0,True
29,1028,17,3,2,temperature,Dynamic Re-Optimization (DPSRO),Post-Disruption,24044.5,23760.0,284.5,1.18,100.0,0.0,6146.72,3409.27,0.00044,0.00044,0,False
30,1029,20,3,2,None (Normal),Nearest Market Baseline,Pre-Disruption,26720.0,22217.51301598931,4502.486984010691,16.85,83.15,0.0,9229.68,6584.6,0.00052,0.0,0,True
30,1029,20,3,2,None (Normal),Cheapest Route Baseline,Pre-Disruption,26720.0,26355.5,364.5,1.36,98.64,0.0,6479.27,3691.75,0.00384,0.0,0,True
30,1029,20,3,2,None (Normal),Dynamic Perishable Optimizer,Pre-Disruption,27024.1,26720.0,304.1,1.13,100.0,0.0,6709.77,4017.4,0.00562,0.0,0,True
30,1029,20,3,2,combined,Nearest Market Baseline,Post-Disruption,26720.0,20242.94934032464,6477.05065967536,24.24,75.76,0.0,9229.68,10592.6,0.00027,0.00027,0,True
30,1029,20,3,2,combined,Cheapest Route Baseline,Post-Disruption,26720.0,24968.6,1751.4,6.55,93.45,0.0,6955.63,7625.55,0.00371,0.00371,0,True
30,1029,20,3,2,combined,Dynamic Re-Optimization (DPSRO),Post-Disruption,27024.1,25900.8,1123.4,4.16,96.93,819.2,7500.88,8380.3,0.0063,0.0063,8,True
31,1030,11,3,2,None (Normal),Nearest Market Baseline,Pre-Disruption,11990.0,9748.628115753632,2241.371884246367,18.69,81.31,0.0,3759.69,2949.2,0.00018,0.0,0,True
31,1030,11,3,2,None (Normal),Cheapest Route Baseline,Pre-Disruption,11990.0,11850.9,139.1,1.16,98.84,0.0,2780.75,1031.75,0.00352,0.0,0,True
31,1030,11,3,2,None (Normal),Dynamic Perishable Optimizer,Pre-Disruption,12048.5,11990.0,58.5,0.49,100.0,0.0,2939.75,1460.4,0.0033,0.0,0,True
31,1030,11,3,2,truck,Nearest Market Baseline,Post-Disruption,11990.0,9748.628115753632,2241.371884246367,18.69,81.31,0.0,3759.69,2949.2,0.0006,0.0006,0,True
31,1030,11,3,2,truck,Cheapest Route Baseline,Post-Disruption,11990.0,11850.1,139.9,1.17,98.83,0.0,2816.1,1325.2,0.00452,0.00452,0,True
31,1030,11,3,2,truck,Dynamic Re-Optimization (DPSRO),Post-Disruption,12048.5,11981.4,67.1,0.56,99.93,8.6,3028.24,1659.03,0.00399,0.00399,3,True
32,1031,10,3,2,None (Normal),Nearest Market Baseline,Pre-Disruption,13110.0,10815.304401701467,2294.695598298532,17.5,82.5,0.0,4148.75,3271.2,0.0003,0.0,0,True
32,1031,10,3,2,None (Normal),Cheapest Route Baseline,Pre-Disruption,13110.0,12933.2,176.8,1.35,98.65,0.0,3038.3,1562.55,0.0044,0.0,0,True
32,1031,10,3,2,None (Normal),Dynamic Perishable Optimizer,Pre-Disruption,13254.2,13110.0,144.2,1.09,100.0,0.0,3356.1,1828.5,0.00662,0.0,0,True
32,1031,10,3,2,storage,Nearest Market Baseline,Post-Disruption,13110.0,10815.304401701467,2294.695598298532,17.5,82.5,0.0,4148.75,3271.2,0.00015,0.00015,0,True
32,1031,10,3,2,storage,Cheapest Route Baseline,Post-Disruption,13110.0,12670.6,439.4,3.35,96.65,0.0,3319.93,2035.05,0.00337,0.00337,0,True
32,1031,10,3,2,storage,Dynamic Re-Optimization (DPSRO),Post-Disruption,13254.2,13064.9,189.3,1.43,99.66,45.1,3522.48,2011.19,0.00391,0.00391,6,True
33,1032,20,3,2,None (Normal),Nearest Market Baseline,Pre-Disruption,25280.0,21115.60538136394,4164.394618636059,16.47,76.01,2500.0,8445.27,7550.3,0.00028,0.0,0,True
33,1032,20,3,2,None (Normal),Cheapest Route Baseline,Pre-Disruption,25280.0,24376.7,903.3,3.57,87.75,2500.0,6250.85,4212.6,0.00477,0.0,0,True
33,1032,20,3,2,None (Normal),Dynamic Perishable Optimizer,Pre-Disruption,25280.0,25006.2,273.8,1.08,90.01,2773.8,6634.16,4893.11,0.00636,0.0,0,True
33,1032,20,3,2,demand,Nearest Market Baseline,Post-Disruption,25280.0,21537.495030133803,3742.5049698661933,14.8,59.64,10834.0,8122.95,7203.42,0.00031,0.00031,0,True
33,1032,20,3,2,demand,Cheapest Route Baseline,Post-Disruption,25280.0,24471.7,808.3,3.2,67.76,10834.0,5972.93,4362.43,0.00393,0.00393,0,True
33,1032,20,3,2,demand,Dynamic Re-Optimization (DPSRO),Post-Disruption,25280.0,25006.2,273.8,1.08,69.24,11107.8,6634.16,4893.11,0.0005,0.0005,0,False
34,1033,17,3,2,None (Normal),Nearest Market Baseline,Pre-Disruption,20770.0,14642.328659257579,6127.671340742421,29.5,70.5,0.0,6461.4,4380.9,0.00022,0.0,0,True
34,1033,17,3,2,None (Normal),Cheapest Route Baseline,Pre-Disruption,20770.0,20364.7,405.3,1.95,98.05,0.0,4895.13,2832.35,0.00588,0.0,0,True
34,1033,17,3,2,None (Normal),Dynamic Perishable Optimizer,Pre-Disruption,21111.7,20770.0,341.7,1.62,100.0,0.0,5013.08,3228.01,0.00513,0.0,0,True
34,1033,17,3,2,temperature,Nearest Market Baseline,Post-Disruption,20770.0,11311.78898049416,9458.211019505841,45.54,54.46,0.0,6461.4,7496.4,0.00026,0.00026,0,True
34,1033,17,3,2,temperature,Cheapest Route Baseline,Post-Disruption,20770.0,20364.7,405.3,1.95,98.05,0.0,4895.13,5947.85,0.00443,0.00443,0,True
34,1033,17,3,2,temperature,Dynamic Re-Optimization (DPSRO),Post-Disruption,21111.6,20770.0,341.7,1.62,100.0,0.0,5013.09,3227.99,0.00062,0.00062,0,False
35,1034,16,3,2,None (Normal),Nearest Market Baseline,Pre-Disruption,20210.0,16467.68751951564,3742.3124804843637,18.52,81.48,0.0,6520.05,4444.4,0.00023,0.0,0,True
35,1034,16,3,2,None (Normal),Cheapest Route Baseline,Pre-Disruption,20210.0,19985.9,224.1,1.11,98.89,0.0,4802.99,2221.7,0.00421,0.0,0,True
35,1034,16,3,2,None (Normal),Dynamic Perishable Optimizer,Pre-Disruption,20410.1,20210.0,200.1,0.98,100.0,0.0,4935.43,2791.83,0.00416,0.0,0,True
35,1034,16,3,2,combined,Nearest Market Baseline,Post-Disruption,20210.0,14812.67954558303,5397.320454416969,26.71,73.29,0.0,6520.05,7475.9,0.00015,0.00015,0,True
35,1034,16,3,2,combined,Cheapest Route Baseline,Post-Disruption,20210.0,18933.1,1276.9,6.32,93.68,0.0,5176.42,6164.5,0.00378,0.00378,0,True
35,1034,16,3,2,combined,Dynamic Re-Optimization (DPSRO),Post-Disruption,20410.1,18282.2,2127.9,10.43,90.46,1927.8,5584.34,6857.09,0.00426,0.00426,5,True
36,1035,10,3,2,None (Normal),Nearest Market Baseline,Pre-Disruption,12040.0,8725.183307248555,3314.8166927514444,27.53,72.47,0.0,3724.13,2923.5,0.00015,0.0,0,True
36,1035,10,3,2,None (Normal),Cheapest Route Baseline,Pre-Disruption,12040.0,11404.3,635.7,5.28,94.72,0.0,2975.2,2021.3,0.00308,0.0,0,True
36,1035,10,3,2,None (Normal),Dynamic Perishable Optimizer,Pre-Disruption,12166.7,12040.0,126.7,1.04,100.0,0.0,3364.55,1778.59,0.00329,0.0,0,True
36,1035,10,3,2,truck,Nearest Market Baseline,Post-Disruption,12040.0,8725.183307248555,3314.8166927514444,27.53,72.47,0.0,3724.13,2923.5,0.00018,0.00018,0,True
36,1035,10,3,2,truck,Cheapest Route Baseline,Post-Disruption,12040.0,11544.5,495.5,4.12,95.88,0.0,2988.41,2191.7,0.0035,0.0035,0,True
36,1035,10,3,2,truck,Dynamic Re-Optimization (DPSRO),Post-Disruption,12166.7,11985.4,181.3,1.49,99.55,54.6,3503.29,1948.19,0.00349,0.00349,4,True
37,1036,29,3,2,None (Normal),Nearest Market Baseline,Pre-Disruption,36070.0,29888.509489049393,6181.490510950603,17.14,82.86,0.0,11736.07,7782.3,0.00042,0.0,0,True
37,1036,29,3,2,None (Normal),Cheapest Route Baseline,Pre-Disruption,36070.0,34663.0,1407.0,3.9,96.1,0.0,9044.03,6219.45,0.005,0.0,0,True
37,1036,29,3,2,None (Normal),Dynamic Perishable Optimizer,Pre-Disruption,36656.2,36070.0,586.2,1.6,100.0,0.0,9936.03,6674.74,0.00764,0.0,0,True
37,1036,29,3,2,storage,Nearest Market Baseline,Post-Disruption,36070.0,29888.509489049393,6181.490510950603,17.14,82.86,0.0,11736.07,7782.3,0.00042,0.00042,0,True
37,1036,29,3,2,storage,Cheapest Route Baseline,Post-Disruption,36070.0,32899.2,3170.8,8.79,91.21,0.0,9736.91,6674.3,0.00528,0.00528,0,True
37,1036,29,3,2,storage,Dynamic Re-Optimization (DPSRO),Post-Disruption,36656.2,34287.5,2368.6,6.46,95.06,1782.5,10625.2,13249.56,0.00521,0.00521,12,True
38,1037,24,3,2,None (Normal),Nearest Market Baseline,Pre-Disruption,36250.0,28773.79206758278,7476.207932417217,20.62,79.38,0.0,10933.66,6452.1,0.00032,0.0,0,True
38,1037,24,3,2,None (Normal),Cheapest Route Baseline,Pre-Disruption,36250.0,32645.4,3604.6,9.94,90.06,0.0,9005.53,4959.2,0.0055,0.0,0,True
38,1037,24,3,2,None (Normal),Dynamic Perishable Optimizer,Pre-Disruption,36937.5,36250.0,687.5,1.86,100.0,0.0,9745.69,9297.61,0.00663,0.0,0,True
38,1037,24,3,2,demand,Nearest Market Baseline,Post-Disruption,39530.0,32310.128325171387,7219.871674828609,18.26,68.56,7595.0,11528.32,6868.92,0.00038,0.00038,0,True
38,1037,24,3,2,demand,Cheapest Route Baseline,Post-Disruption,39530.0,34393.6,5136.4,12.99,72.98,7595.0,9905.32,5646.72,0.00513,0.00513,0,True
38,1037,24,3,2,demand,Dynamic Re-Optimization (DPSRO),Post-Disruption,36937.5,36250.0,687.5,1.86,76.92,10875.0,9745.71,9297.62,0.00068,0.00068,0,False
39,1038,10,3,2,None (Normal),Nearest Market Baseline,Pre-Disruption,10510.0,8117.605154757808,2392.3948452421937,22.76,65.52,1880.0,3658.61,1890.3,0.00019,0.0,0,True
39,1038,10,3,2,None (Normal),Cheapest Route Baseline,Pre-Disruption,10510.0,10310.7,199.3,1.9,83.22,1880.0,2890.2,1077.45,0.00361,0.0,0,True
39,1038,10,3,2,None (Normal),Dynamic Perishable Optimizer,Pre-Disruption,10510.0,10313.4,196.6,1.87,83.24,2076.6,3086.57,1532.56,0.00382,0.0,0,True
39,1038,10,3,2,temperature,Nearest Market Baseline,Post-Disruption,10510.0,6436.811913004927,4073.188086995073,38.76,51.95,1880.0,3658.61,3466.8,0.00018,0.00018,0,True
39,1038,10,3,2,temperature,Cheapest Route Baseline,Post-Disruption,10510.0,10310.7,199.3,1.9,83.22,1880.0,2890.2,2653.95,0.00304,0.00304,0,True
39,1038,10,3,2,temperature,Dynamic Re-Optimization (DPSRO),Post-Disruption,10510.0,10313.4,196.6,1.87,83.24,2076.6,3086.55,1532.57,0.00049,0.00049,0,False
40,1039,10,3,2,None (Normal),Nearest Market Baseline,Pre-Disruption,11410.0,9322.5206677458,2087.4793322542,18.3,81.7,0.0,3252.94,2850.8,0.00016,0.0,0,True
40,1039,10,3,2,None (Normal),Cheapest Route Baseline,Pre-Disruption,11410.0,11243.6,166.4,1.46,98.54,0.0,2602.8,1602.65,0.00305,0.0,0,True
40,1039,10,3,2,None (Normal),Dynamic Perishable Optimizer,Pre-Disruption,11543.3,11410.0,133.3,1.16,100.0,0.0,2719.49,1719.97,0.00495,0.0,0,True
40,1039,10,3,2,combined,Nearest Market Baseline,Post-Disruption,11410.0,8296.28092977197,3113.7190702280304,27.29,72.71,0.0,3252.94,4562.3,0.00012,0.00012,0,True
40,1039,10,3,2,combined,Cheapest Route Baseline,Post-Disruption,11410.0,10120.9,1289.1,11.3,88.7,0.0,2968.38,4430.6,0.00265,0.00265,0,True
40,1039,10,3,2,combined,Dynamic Re-Optimization (DPSRO),Post-Disruption,10710.0,10147.3,562.7,5.25,88.93,1262.7,3015.32,3677.56,0.00383,0.00383,8,True
41,1040,10,3,2,None (Normal),Nearest Market Baseline,Pre-Disruption,11960.0,10783.930580317796,1176.0694196822046,9.83,90.17,0.0,3468.91,3227.8,0.00013,0.0,0,True
41,1040,10,3,2,None (Normal),Cheapest Route Baseline,Pre-Disruption,11960.0,11861.1,98.9,0.83,99.17,0.0,2732.75,1899.0,0.00518,0.0,0,True
41,1040,10,3,2,None (Normal),Dynamic Perishable Optimizer,Pre-Disruption,12024.6,11960.0,64.6,0.54,100.0,0.0,2978.93,1930.39,0.00322,0.0,0,True
41,1040,10,3,2,truck,Nearest Market Baseline,Post-Disruption,11960.0,10783.930580317796,1176.0694196822046,9.83,90.17,0.0,3468.91,3227.8,0.00014,0.00014,0,True
41,1040,10,3,2,truck,Cheapest Route Baseline,Post-Disruption,11960.0,11854.9,105.1,0.88,99.12,0.0,2774.05,2081.2,0.00272,0.00272,0,True
41,1040,10,3,2,truck,Dynamic Re-Optimization (DPSRO),Post-Disruption,12024.6,11950.3,74.3,0.62,99.92,9.7,3078.15,1954.55,0.00398,0.00398,3,True
42,1041,19,3,2,None (Normal),Nearest Market Baseline,Pre-Disruption,23000.0,18922.552258591677,4077.4477414083203,17.73,82.27,0.0,8363.75,6407.1,0.00022,0.0,0,True
42,1041,19,3,2,None (Normal),Cheapest Route Baseline,Pre-Disruption,23000.0,22168.2,831.8,3.62,96.38,0.0,6726.23,3558.45,0.00398,0.0,0,True
42,1041,19,3,2,None (Normal),Dynamic Perishable Optimizer,Pre-Disruption,23282.6,23000.0,282.6,1.21,100.0,0.0,7110.86,3178.41,0.00405,0.0,0,True
42,1041,19,3,2,storage,Nearest Market Baseline,Post-Disruption,23000.0,18922.552258591677,4077.4477414083203,17.73,82.27,0.0,8363.75,6407.1,0.00018,0.00018,0,True
42,1041,19,3,2,storage,Cheapest Route Baseline,Post-Disruption,23000.0,21972.2,1027.8,4.47,95.53,0.0,6827.39,3253.0,0.00347,0.00347,0,True
42,1041,19,3,2,storage,Dynamic Re-Optimization (DPSRO),Post-Disruption,23282.6,22682.1,600.5,2.58,98.62,317.9,7397.25,5797.25,0.006,0.006,10,True
43,1042,22,3,2,None (Normal),Nearest Market Baseline,Pre-Disruption,27730.0,23329.0639730648,4400.936026935205,15.87,84.13,0.0,9085.87,4988.4,0.00028,0.0,0,True
43,1042,22,3,2,None (Normal),Cheapest Route Baseline,Pre-Disruption,27730.0,27333.1,396.9,1.43,98.57,0.0,7113.06,3538.9,0.0045,0.0,0,True
43,1042,22,3,2,None (Normal),Dynamic Perishable Optimizer,Pre-Disruption,28024.1,27730.0,294.1,1.05,100.0,0.0,7640.51,3748.09,0.00735,0.0,0,True
43,1042,22,3,2,demand,Nearest Market Baseline,Post-Disruption,31930.0,27770.419848988542,4159.580151011458,13.03,77.04,4119.0,10090.32,6178.76,0.00078,0.00078,0,True
43,1042,22,3,2,demand,Cheapest Route Baseline,Post-Disruption,31930.0,31217.9,712.1,2.23,86.6,4119.0,8297.22,4556.88,0.00423,0.00423,0,True
43,1042,22,3,2,demand,Dynamic Re-Optimization (DPSRO),Post-Disruption,28024.1,27730.0,294.1,1.05,76.92,8319.0,7640.5,3748.1,0.00061,0.00061,0,False
44,1043,19,3,2,None (Normal),Nearest Market Baseline,Pre-Disruption,23730.0,17978.954512086617,5751.045487913384,24.24,75.76,0.0,7337.12,5586.9,0.00023,0.0,0,True
44,1043,19,3,2,None (Normal),Cheapest Route Baseline,Pre-Disruption,23730.0,23408.7,321.3,1.35,98.65,0.0,5388.5,3285.65,0.00393,0.0,0,True
44,1043,19,3,2,None (Normal),Dynamic Perishable Optimizer,Pre-Disruption,23926.0,23730.0,196.0,0.82,100.0,0.0,5807.85,3195.08,0.00519,0.0,0,True
44,1043,19,3,2,temperature,Nearest Market Baseline,Post-Disruption,23730.0,15457.088630859822,8272.91136914018,34.86,65.14,0.0,7337.12,9146.4,0.0002,0.0002,0,True
44,1043,19,3,2,temperature,Cheapest Route Baseline,Post-Disruption,23730.0,23408.7,321.3,1.35,98.65,0.0,5388.5,6845.15,0.00359,0.00359,0,True
44,1043,19,3,2,temperature,Dynamic Re-Optimization (DPSRO),Post-Disruption,23926.0,23730.0,196.0,0.82,100.0,0.0,5807.86,3195.08,0.00056,0.00056,0,False
45,1044,17,3,2,None (Normal),Nearest Market Baseline,Pre-Disruption,15680.0,10858.154344830427,4821.8456551695745,30.75,69.25,0.0,4399.62,3796.3,0.0002,0.0,0,True
45,1044,17,3,2,None (Normal),Cheapest Route Baseline,Pre-Disruption,15680.0,15336.8,343.2,2.19,97.81,0.0,3161.06,2372.3,0.0042,0.0,0,True
45,1044,17,3,2,None (Normal),Dynamic Perishable Optimizer,Pre-Disruption,15774.9,15680.0,94.9,0.6,100.0,0.0,3475.39,2161.9,0.00382,0.0,0,True
45,1044,17,3,2,combined,Nearest Market Baseline,Post-Disruption,15680.0,8822.61032070883,6857.389679291167,43.73,56.27,0.0,4399.62,6148.3,0.00088,0.00088,0,True
45,1044,17,3,2,combined,Cheapest Route Baseline,Post-Disruption,15680.0,11775.9,3904.1,24.9,75.1,0.0,3836.04,4913.2,0.00427,0.00427,0,True
45,1044,17,3,2,combined,Dynamic Re-Optimization (DPSRO),Post-Disruption,13190.0,12750.6,439.4,3.33,81.32,2929.4,3164.71,4690.01,0.00403,0.00403,8,True
46,1045,10,3,2,None (Normal),Nearest Market Baseline,Pre-Disruption,10460.0,6693.483968332223,3766.516031667777,36.01,63.99,0.0,3107.8,2128.5,0.00014,0.0,0,True
46,1045,10,3,2,None (Normal),Cheapest Route Baseline,Pre-Disruption,10460.0,10324.6,135.4,1.29,98.71,0.0,2390.22,1746.4,0.00347,0.0,0,True
46,1045,10,3,2,None (Normal),Dynamic Perishable Optimizer,Pre-Disruption,10522.6,10460.0,62.6,0.59,100.0,0.0,2606.91,1583.3,0.00396,0.0,0,True
46,1045,10,3,2,truck,Nearest Market Baseline,Post-Disruption,10460.0,6693.483968332223,3766.516031667777,36.01,63.99,0.0,3107.8,2128.5,0.00014,0.00014,0,True
46,1045,10,3,2,truck,Cheapest Route Baseline,Post-Disruption,10460.0,10363.2,96.8,0.93,99.07,0.0,2390.22,1746.4,0.00366,0.00366,0,True
46,1045,10,3,2,truck,Dynamic Re-Optimization (DPSRO),Post-Disruption,10522.6,10460.0,62.6,0.59,100.0,0.0,2606.91,1583.29,0.00053,0.00053,0,False
47,1046,16,3,2,None (Normal),Nearest Market Baseline,Pre-Disruption,16250.0,10278.121908606146,5971.878091393854,36.75,63.25,0.0,5878.84,4367.3,0.00021,0.0,0,True
47,1046,16,3,2,None (Normal),Cheapest Route Baseline,Pre-Disruption,16250.0,15849.1,400.9,2.47,97.53,0.0,4335.33,1933.9,0.00394,0.0,0,True
47,1046,16,3,2,None (Normal),Dynamic Perishable Optimizer,Pre-Disruption,16446.1,16250.0,196.1,1.19,100.0,0.0,4705.23,2204.9,0.00422,0.0,0,True
47,1046,16,3,2,storage,Nearest Market Baseline,Post-Disruption,16250.0,10278.121908606146,5971.878091393854,36.75,63.25,0.0,5878.84,4367.3,0.00016,0.00016,0,True
47,1046,16,3,2,storage,Cheapest Route Baseline,Post-Disruption,16250.0,14877.8,1372.2,8.44,91.56,0.0,4865.66,3043.8,0.0046,0.0046,0,True
47,1046,16,3,2,storage,Dynamic Re-Optimization (DPSRO),Post-Disruption,16446.1,15743.7,702.4,4.27,96.88,506.3,5304.47,4661.47,0.00463,0.00463,8,True
48,1047,12,3,2,None (Normal),Nearest Market Baseline,Pre-Disruption,13110.0,9066.085789548582,4043.914210451417,30.85,69.15,0.0,4697.09,2680.4,0.00016,0.0,0,True
48,1047,12,3,2,None (Normal),Cheapest Route Baseline,Pre-Disruption,13110.0,12695.3,414.7,3.16,96.84,0.0,3218.36,2108.95,0.00345,0.0,0,True
48,1047,12,3,2,None (Normal),Dynamic Perishable Optimizer,Pre-Disruption,13395.8,13110.0,285.8,2.13,100.0,0.0,3560.13,2092.16,0.00372,0.0,0,True
48,1047,12,3,2,demand,Nearest Market Baseline,Post-Disruption,17043.0,11266.761813261486,5776.238186738512,33.89,66.11,0.0,6037.29,3709.4,0.00015,0.00015,0,True
48,1047,12,3,2,demand,Cheapest Route Baseline,Post-Disruption,17043.0,16494.1,548.9,3.22,96.78,0.0,4254.8,2628.23,0.00297,0.00297,0,True
48,1047,12,3,2,demand,Dynamic Re-Optimization (DPSRO),Post-Disruption,13395.8,13110.0,285.8,2.13,76.92,3933.0,3560.15,2092.17,0.00036,0.00036,0,False
49,1048,27,3,2,None (Normal),Nearest Market Baseline,Pre-Disruption,31950.0,20669.499361705955,11280.500638294043,35.31,64.69,0.0,10744.65,5499.4,0.00112,0.0,0,True
49,1048,27,3,2,None (Normal),Cheapest Route Baseline,Pre-Disruption,31950.0,30426.1,1523.9,4.77,95.23,0.0,7946.51,4511.7,0.00428,0.0,0,True
49,1048,27,3,2,None (Normal),Dynamic Perishable Optimizer,Pre-Disruption,32641.9,31950.0,691.9,2.12,100.0,0.0,8535.82,7512.67,0.0049,0.0,0,True
49,1048,27,3,2,temperature,Nearest Market Baseline,Post-Disruption,31950.0,15133.623032914136,16816.37696708586,52.63,47.37,0.0,10744.65,10291.9,0.00034,0.00034,0,True
49,1048,27,3,2,temperature,Cheapest Route Baseline,Post-Disruption,31950.0,29577.2,2372.8,7.43,92.57,0.0,7946.51,9304.2,0.0063,0.0063,0,True
49,1048,27,3,2,temperature,Dynamic Re-Optimization (DPSRO),Post-Disruption,32641.9,31950.0,691.9,2.12,100.0,0.0,8535.83,7512.68,0.00063,0.00063,0,False
50,1049,16,3,2,None (Normal),Nearest Market Baseline,Pre-Disruption,20150.0,17382.71551002567,2767.2844899743363,13.73,86.27,0.0,5822.52,5483.3,0.00024,0.0,0,True
50,1049,16,3,2,None (Normal),Cheapest Route Baseline,Pre-Disruption,20150.0,18682.4,1467.6,7.28,92.72,0.0,5147.95,3989.85,0.00354,0.0,0,True
50,1049,16,3,2,None (Normal),Dynamic Perishable Optimizer,Pre-Disruption,20428.4,20150.0,278.4,1.36,100.0,0.0,5661.77,2688.51,0.00346,0.0,0,True
50,1049,16,3,2,combined,Nearest Market Baseline,Post-Disruption,20150.0,15945.376758669354,4204.623241330643,20.87,79.13,0.0,5822.52,8505.8,0.00082,0.00082,0,True
50,1049,16,3,2,combined,Cheapest Route Baseline,Post-Disruption,20150.0,18079.6,2070.4,10.28,89.72,0.0,5151.39,7034.15,0.00356,0.00356,0,True
50,1049,16,3,2,combined,Dynamic Re-Optimization (DPSRO),Post-Disruption,17508.4,16693.2,815.2,4.66,82.84,3456.8,4987.5,5651.59,0.00386,0.00386,9,True
51,1050,25,3,2,None (Normal),Nearest Market Baseline,Pre-Disruption,30150.0,21197.086514237737,8952.913485762261,29.69,70.31,0.0,8917.67,6986.9,0.0003,0.0,0,True
51,1050,25,3,2,None (Normal),Cheapest Route Baseline,Pre-Disruption,30150.0,27994.5,2155.5,7.15,92.85,0.0,7162.32,4522.0,0.00495,0.0,0,True
51,1050,25,3,2,None (Normal),Dynamic Perishable Optimizer,Pre-Disruption,30501.4,30150.0,351.4,1.15,100.0,0.0,8087.52,4181.7,0.00565,0.0,0,True
51,1050,25,3,2,truck,Nearest Market Baseline,Post-Disruption,30150.0,21197.086514237737,8952.913485762261,29.69,70.31,0.0,8917.67,6986.9,0.00029,0.00029,0,True
51,1050,25,3,2,truck,Cheapest Route Baseline,Post-Disruption,30150.0,28482.9,1667.1,5.53,94.47,0.0,7162.32,4522.0,0.00482,0.00482,0,True
51,1050,25,3,2,truck,Dynamic Re-Optimization (DPSRO),Post-Disruption,30501.4,30150.0,351.4,1.15,100.0,0.0,8087.51,4181.69,0.00047,0.00047,0,False
52,1051,29,3,2,None (Normal),Nearest Market Baseline,Pre-Disruption,35450.0,25377.651617098138,10072.348382901859,28.41,71.59,0.0,12588.01,5803.9,0.00036,0.0,0,True
52,1051,29,3,2,None (Normal),Cheapest Route Baseline,Pre-Disruption,35450.0,33135.7,2314.3,6.53,93.47,0.0,10171.76,4670.85,0.00474,0.0,0,True
52,1051,29,3,2,None (Normal),Dynamic Perishable Optimizer,Pre-Disruption,36266.5,35450.0,816.5,2.25,100.0,0.0,11097.55,7992.18,0.00609,0.0,0,True
52,1051,29,3,2,storage,Nearest Market Baseline,Post-Disruption,35450.0,25377.651617098138,10072.348382901859,28.41,71.59,0.0,12588.01,5803.9,0.00089,0.00089,0,True
52,1051,29,3,2,storage,Cheapest Route Baseline,Post-Disruption,35450.0,28593.2,6856.8,19.34,80.66,0.0,10972.3,7042.8,0.00458,0.00458,0,True
52,1051,29,3,2,storage,Dynamic Re-Optimization (DPSRO),Post-Disruption,35328.1,30697.4,4630.8,13.11,86.59,4752.6,11455.3,14877.28,0.00558,0.00558,16,True
53,1052,25,3,2,None (Normal),Nearest Market Baseline,Pre-Disruption,29230.0,24512.674822229055,4717.325177770951,16.14,83.86,0.0,9425.59,6302.9,0.00033,0.0,0,True
53,1052,25,3,2,None (Normal),Cheapest Route Baseline,Pre-Disruption,29230.0,28924.8,305.2,1.04,98.96,0.0,7031.65,2928.3,0.00637,0.0,0,True
53,1052,25,3,2,None (Normal),Dynamic Perishable Optimizer,Pre-Disruption,29396.7,29230.0,166.7,0.57,100.0,0.0,7165.41,4018.98,0.00514,0.0,0,True
53,1052,25,3,2,demand,Nearest Market Baseline,Post-Disruption,37840.0,33308.12735342809,4531.872646571901,11.98,87.66,159.0,11768.81,8270.91,0.00039,0.00039,0,True
53,1052,25,3,2,demand,Cheapest Route Baseline,Post-Disruption,37840.0,36939.2,900.8,2.38,97.21,159.0,9480.51,4944.26,0.00499,0.00499,0,True
53,1052,25,3,2,demand,Dynamic Re-Optimization (DPSRO),Post-Disruption,29396.7,29230.0,166.7,0.57,76.92,8769.0,7165.41,4018.98,0.00053,0.00053,0,False
54,1053,25,3,2,None (Normal),Nearest Market Baseline,Pre-Disruption,29010.0,23149.03659322458,5860.963406775414,20.2,79.8,0.0,8387.58,6351.1,0.00062,0.0,0,True
54,1053,25,3,2,None (Normal),Cheapest Route Baseline,Pre-Disruption,29010.0,27316.5,1693.5,5.84,94.16,0.0,6592.25,5011.0,0.00557,0.0,0,True
54,1053,25,3,2,None (Normal),Dynamic Perishable Optimizer,Pre-Disruption,29428.4,29010.0,418.4,1.42,100.0,0.0,7041.44,8083.26,0.0049,0.0,0,True
54,1053,25,3,2,temperature,Nearest Market Baseline,Post-Disruption,29010.0,19640.355175965076,9369.644824034924,32.3,67.7,0.0,8387.58,10702.6,0.00038,0.00038,0,True
54,1053,25,3,2,temperature,Cheapest Route Baseline,Post-Disruption,29010.0,26342.2,2667.8,9.2,90.8,0.0,6592.25,9362.5,0.00442,0.00442,0,True
54,1053,25,3,2,temperature,Dynamic Re-Optimization (DPSRO),Post-Disruption,29428.4,29010.0,418.4,1.42,100.0,0.0,7041.46,8083.24,0.00059,0.00059,0,False
55,1054,20,3,2,None (Normal),Nearest Market Baseline,Pre-Disruption,26930.0,20056.180638017315,6873.819361982682,25.52,74.48,0.0,9437.3,6121.4,0.00031,0.0,0,True
55,1054,20,3,2,None (Normal),Cheapest Route Baseline,Pre-Disruption,26930.0,26180.1,749.9,2.78,97.22,0.0,6974.6,3239.9,0.00449,0.0,0,True
55,1054,20,3,2,None (Normal),Dynamic Perishable Optimizer,Pre-Disruption,27492.8,26930.0,562.8,2.05,100.0,0.0,7492.05,3957.96,0.00566,0.0,0,True
55,1054,20,3,2,combined,Nearest Market Baseline,Post-Disruption,26930.0,17008.138884363983,9921.861115636018,36.84,63.16,0.0,9437.3,10160.9,0.00023,0.00023,0,True
55,1054,20,3,2,combined,Cheapest Route Baseline,Post-Disruption,26930.0,22176.2,4753.8,17.65,82.35,0.0,7191.13,8741.25,0.00347,0.00347,0,True
55,1054,20,3,2,combined,Dynamic Re-Optimization (DPSRO),Post-Disruption,21290.0,20729.3,560.7,2.63,76.97,6200.7,5903.86,4717.1,0.00629,0.00629,8,True
56,1055,20,3,2,None (Normal),Nearest Market Baseline,Pre-Disruption,27690.0,22899.311470310444,4790.688529689556,17.3,82.7,0.0,9447.38,6033.4,0.00031,0.0,0,True
56,1055,20,3,2,None (Normal),Cheapest Route Baseline,Pre-Disruption,27690.0,27324.1,365.9,1.32,98.68,0.0,6736.92,3122.35,0.00485,0.0,0,True
56,1055,20,3,2,None (Normal),Dynamic Perishable Optimizer,Pre-Disruption,28003.2,27690.0,313.2,1.12,100.0,0.0,7084.13,3937.39,0.00439,0.0,0,True
56,1055,20,3,2,truck,Nearest Market Baseline,Post-Disruption,27690.0,22899.311470310444,4790.688529689556,17.3,82.7,0.0,9447.38,6033.4,0.00027,0.00027,0,True
56,1055,20,3,2,truck,Cheapest Route Baseline,Post-Disruption,27690.0,27357.8,332.2,1.2,98.8,0.0,6771.22,3070.95,0.00472,0.00472,0,True
56,1055,20,3,2,truck,Dynamic Re-Optimization (DPSRO),Post-Disruption,28003.2,27690.0,313.2,1.12,100.0,0.0,7084.15,3937.38,0.00065,0.00065,0,False
57,1056,17,3,2,None (Normal),Nearest Market Baseline,Pre-Disruption,21260.0,14968.456452153318,6291.543547846683,29.59,70.41,0.0,7297.44,5392.1,0.00051,0.0,0,True
57,1056,17,3,2,None (Normal),Cheapest Route Baseline,Pre-Disruption,21260.0,20573.2,686.8,3.23,96.77,0.0,5441.14,2921.65,0.00413,0.0,0,True
57,1056,17,3,2,None (Normal),Dynamic Perishable Optimizer,Pre-Disruption,21532.5,21260.0,272.5,1.27,100.0,0.0,6086.26,3119.26,0.00443,0.0,0,True
57,1056,17,3,2,storage,Nearest Market Baseline,Post-Disruption,21260.0,14968.456452153318,6291.543547846683,29.59,70.41,0.0,7297.44,5392.1,0.00019,0.00019,0,True
57,1056,17,3,2,storage,Cheapest Route Baseline,Post-Disruption,21260.0,19371.5,1888.5,8.88,91.12,0.0,6162.1,5053.65,0.00355,0.00355,0,True
57,1056,17,3,2,storage,Dynamic Re-Optimization (DPSRO),Post-Disruption,21532.5,20542.1,990.4,4.6,96.62,717.9,6911.37,5852.99,0.00489,0.00489,10,True
58,1057,26,3,2,None (Normal),Nearest Market Baseline,Pre-Disruption,34190.0,26620.213980746,7569.786019253993,22.14,77.86,0.0,11659.18,6984.3,0.00032,0.0,0,True
58,1057,26,3,2,None (Normal),Cheapest Route Baseline,Pre-Disruption,34190.0,33046.5,1143.5,3.34,96.66,0.0,9313.41,4998.35,0.00513,0.0,0,True
58,1057,26,3,2,None (Normal),Dynamic Perishable Optimizer,Pre-Disruption,34694.5,34190.0,504.5,1.45,100.0,0.0,9818.96,7885.32,0.00585,0.0,0,True
58,1057,26,3,2,demand,Nearest Market Baseline,Post-Disruption,37740.0,30907.35981284025,6832.640187159757,18.1,69.54,6707.0,12600.33,8054.7,0.00054,0.00054,0,True
58,1057,26,3,2,demand,Cheapest Route Baseline,Post-Disruption,37740.0,35835.7,1904.3,5.05,80.63,6707.0,10300.2,5708.8,0.0054,0.0054,0,True
58,1057,26,3,2,demand,Dynamic Re-Optimization (DPSRO),Post-Disruption,34694.5,34190.0,504.5,1.45,76.92,10257.0,9818.97,7885.34,0.00054,0.00054,0,False
59,1058,14,3,2,None (Normal),Nearest Market Baseline,Pre-Disruption,18090.0,14060.253572103456,4029.746427896544,22.28,77.72,0.0,5469.09,4139.1,0.00019,0.0,0,True
59,1058,14,3,2,None (Normal),Cheapest Route Baseline,Pre-Disruption,18090.0,17945.8,144.2,0.8,99.2,0.0,4131.66,2190.05,0.00392,0.0,0,True
59,1058,14,3,2,None (Normal),Dynamic Perishable Optimizer,Pre-Disruption,18189.8,18090.0,99.8,0.55,100.0,0.0,4621.58,2180.74,0.00473,0.0,0,True
59,1058,14,3,2,temperature,Nearest Market Baseline,Post-Disruption,18090.0,11987.003309265585,6102.996690734415,33.74,66.26,0.0,5469.09,6852.6,0.00023,0.00023,0,True
59,1058,14,3,2,temperature,Cheapest Route Baseline,Post-Disruption,18090.0,17945.8,144.2,0.8,99.2,0.0,4131.66,4903.55,0.00307,0.00307,0,True
59,1058,14,3,2,temperature,Dynamic Re-Optimization (DPSRO),Post-Disruption,18189.8,18090.0,99.8,0.55,100.0,0.0,4621.58,2180.74,0.00063,0.00063,0,False
60,1059,27,3,2,None (Normal),Nearest Market Baseline,Pre-Disruption,31650.0,23513.27580336264,8136.724196637362,25.71,74.29,0.0,11208.88,6525.6,0.00051,0.0,0,True
60,1059,27,3,2,None (Normal),Cheapest Route Baseline,Pre-Disruption,31650.0,30192.9,1457.1,4.6,95.4,0.0,8784.5,4640.15,0.00631,0.0,0,True
60,1059,27,3,2,None (Normal),Dynamic Perishable Optimizer,Pre-Disruption,32248.1,31650.0,598.1,1.85,100.0,0.0,9502.26,5980.5,0.00679,0.0,0,True
60,1059,27,3,2,combined,Nearest Market Baseline,Post-Disruption,31650.0,19751.274003223396,11898.725996776606,37.59,62.41,0.0,11208.88,11273.1,0.00053,0.00053,0,True
60,1059,27,3,2,combined,Cheapest Route Baseline,Post-Disruption,31650.0,26607.9,5042.1,15.93,84.07,0.0,9593.74,9377.0,0.00587,0.00587,0,True
60,1059,27,3,2,combined,Dynamic Re-Optimization (DPSRO),Post-Disruption,24198.1,22608.7,1589.4,6.57,71.43,9041.3,7490.55,7222.56,0.00527,0.00527,14,True
61,1060,24,3,2,None (Normal),Nearest Market Baseline,Pre-Disruption,29790.0,24832.93932399408,4957.060676005921,16.64,83.36,0.0,9328.35,5874.0,0.00038,0.0,0,True
61,1060,24,3,2,None (Normal),Cheapest Route Baseline,Pre-Disruption,29790.0,27775.2,2014.8,6.76,93.24,0.0,7534.43,3428.1,0.00476,0.0,0,True
61,1060,24,3,2,None (Normal),Dynamic Perishable Optimizer,Pre-Disruption,30205.0,29790.0,415.0,1.37,100.0,0.0,8184.86,7519.62,0.00859,0.0,0,True
61,1060,24,3,2,truck,Nearest Market Baseline,Post-Disruption,29790.0,24832.93932399408,4957.060676005921,16.64,83.36,0.0,9328.35,5874.0,0.00049,0.00049,0,True
61,1060,24,3,2,truck,Cheapest Route Baseline,Post-Disruption,29790.0,28529.8,1260.2,4.23,95.77,0.0,7534.43,3428.1,0.00432,0.00432,0,True
61,1060,24,3,2,truck,Dynamic Re-Optimization (DPSRO),Post-Disruption,27745.0,26799.3,945.7,3.41,89.96,2990.7,7684.2,8093.02,0.00466,0.00466,3,True
62,1061,21,3,2,None (Normal),Nearest Market Baseline,Pre-Disruption,25320.0,18659.359429603843,6660.640570396157,26.31,73.69,0.0,7313.19,6032.4,0.00034,0.0,0,True
62,1061,21,3,2,None (Normal),Cheapest Route Baseline,Pre-Disruption,25320.0,24865.0,455.0,1.8,98.2,0.0,5358.34,3060.6,0.00415,0.0,0,True
62,1061,21,3,2,None (Normal),Dynamic Perishable Optimizer,Pre-Disruption,25482.0,25320.0,162.0,0.64,100.0,0.0,5568.73,3644.37,0.00519,0.0,0,True
62,1061,21,3,2,storage,Nearest Market Baseline,Post-Disruption,25320.0,18659.359429603843,6660.640570396157,26.31,73.69,0.0,7313.19,6032.4,0.00031,0.00031,0,True
62,1061,21,3,2,storage,Cheapest Route Baseline,Post-Disruption,25320.0,24569.3,750.7,2.96,97.04,0.0,6111.48,4454.8,0.00642,0.00642,0,True
62,1061,21,3,2,storage,Dynamic Re-Optimization (DPSRO),Post-Disruption,25482.1,24966.3,515.7,2.02,98.6,353.7,6506.59,6558.68,0.00612,0.00612,12,True
63,1062,29,3,2,None (Normal),Nearest Market Baseline,Pre-Disruption,34810.0,25896.8010659267,8913.198934073294,25.61,74.39,0.0,12504.58,7438.2,0.00026,0.0,0,True
63,1062,29,3,2,None (Normal),Cheapest Route Baseline,Pre-Disruption,34810.0,33029.3,1780.7,5.12,94.88,0.0,9312.56,5652.2,0.00504,0.0,0,True
63,1062,29,3,2,None (Normal),Dynamic Perishable Optimizer,Pre-Disruption,35464.8,34810.0,654.8,1.85,100.0,0.0,10430.83,10308.72,0.00662,0.0,0,True
63,1062,29,3,2,demand,Nearest Market Baseline,Post-Disruption,45170.0,36400.955748277454,8769.044251722533,19.41,80.44,83.0,15995.82,9864.94,0.00033,0.00033,0,True
63,1062,29,3,2,demand,Cheapest Route Baseline,Post-Disruption,45170.0,42023.6,3146.4,6.97,92.86,83.0,13229.09,7763.49,0.00465,0.00465,0,True
63,1062,29,3,2,demand,Dynamic Re-Optimization (DPSRO),Post-Disruption,35464.8,34810.0,654.8,1.85,76.92,10443.0,10430.86,10308.72,0.0017,0.0017,0,False
64,1063,23,3,2,None (Normal),Nearest Market Baseline,Pre-Disruption,25410.0,17328.295757266926,8081.704242733076,31.81,68.19,0.0,9703.75,7061.3,0.00181,0.0,0,True
64,1063,23,3,2,None (Normal),Cheapest Route Baseline,Pre-Disruption,25410.0,24917.9,492.1,1.94,98.06,0.0,6596.82,2946.95,0.0052,0.0,0,True
64,1063,23,3,2,None (Normal),Dynamic Perishable Optimizer,Pre-Disruption,25674.5,25410.0,264.5,1.03,100.0,0.0,7303.06,3533.33,0.00504,0.0,0,True
64,1063,23,3,2,temperature,Nearest Market Baseline,Post-Disruption,25410.0,13129.845101225008,12280.15489877499,48.33,51.67,0.0,9703.75,10872.8,0.00026,0.00026,0,True
64,1063,23,3,2,temperature,Cheapest Route Baseline,Post-Disruption,25410.0,24917.9,492.1,1.94,98.06,0.0,6596.82,6758.45,0.00736,0.00736,0,True
64,1063,23,3,2,temperature,Dynamic Re-Optimization (DPSRO),Post-Disruption,25674.5,25410.0,264.5,1.03,100.0,0.0,7303.05,3533.33,0.00102,0.00102,0,False
65,1064,28,3,2,None (Normal),Nearest Market Baseline,Pre-Disruption,31070.0,19724.296028564528,11345.703971435469,36.52,63.48,0.0,11145.96,9885.7,0.00033,0.0,0,True
65,1064,28,3,2,None (Normal),Cheapest Route Baseline,Pre-Disruption,31070.0,30327.5,742.5,2.39,97.61,0.0,7824.46,4643.35,0.00479,0.0,0,True
65,1064,28,3,2,None (Normal),Dynamic Perishable Optimizer,Pre-Disruption,31368.9,31070.0,298.9,0.95,100.0,0.0,8619.7,4742.97,0.00847,0.0,0,True
65,1064,28,3,2,combined,Nearest Market Baseline,Post-Disruption,31070.0,16583.57096509393,14486.429034906072,46.63,53.37,0.0,11145.96,14546.2,0.00026,0.00026,0,True
65,1064,28,3,2,combined,Cheapest Route Baseline,Post-Disruption,31070.0,25382.5,5687.5,18.31,81.69,0.0,9034.31,11254.25,0.00401,0.00401,0,True
65,1064,28,3,2,combined,Dynamic Re-Optimization (DPSRO),Post-Disruption,28668.9,27157.1,1511.8,5.27,87.41,3912.9,8889.92,10884.81,0.00471,0.00471,11,True
66,1065,12,3,2,None (Normal),Nearest Market Baseline,Pre-Disruption,13930.0,9210.67205401548,4719.327945984522,33.88,66.12,0.0,4611.72,3749.0,0.00021,0.0,0,True
66,1065,12,3,2,None (Normal),Cheapest Route Baseline,Pre-Disruption,13930.0,13651.4,278.6,2.0,98.0,0.0,3343.47,1685.95,0.00474,0.0,0,True
66,1065,12,3,2,None (Normal),Dynamic Perishable Optimizer,Pre-Disruption,14144.3,13930.0,214.3,1.52,100.0,0.0,3752.88,1959.01,0.00373,0.0,0,True
66,1065,12,3,2,truck,Nearest Market Baseline,Post-Disruption,13930.0,9210.67205401548,4719.327945984522,33.88,66.12,0.0,4611.72,3749.0,0.00017,0.00017,0,True
66,1065,12,3,2,truck,Cheapest Route Baseline,Post-Disruption,13930.0,13645.6,284.4,2.04,97.96,0.0,3373.66,1624.35,0.00318,0.00318,0,True
66,1065,12,3,2,truck,Dynamic Re-Optimization (DPSRO),Post-Disruption,14144.3,13930.0,214.3,1.52,100.0,0.0,3752.88,1959.01,0.00039,0.00039,0,False
67,1066,17,3,2,None (Normal),Nearest Market Baseline,Pre-Disruption,22740.0,18771.828266101948,3968.171733898054,17.45,82.55,0.0,6938.77,5427.5,0.00026,0.0,0,True
67,1066,17,3,2,None (Normal),Cheapest Route Baseline,Pre-Disruption,22740.0,22440.1,299.9,1.32,98.68,0.0,5082.56,3192.65,0.00508,0.0,0,True
67,1066,17,3,2,None (Normal),Dynamic Perishable Optimizer,Pre-Disruption,22956.2,22740.0,216.2,0.94,100.0,0.0,5623.85,3134.22,0.00451,0.0,0,True
67,1066,17,3,2,storage,Nearest Market Baseline,Post-Disruption,22740.0,18771.828266101948,3968.171733898054,17.45,82.55,0.0,6938.77,5427.5,0.00019,0.00019,0,True
67,1066,17,3,2,storage,Cheapest Route Baseline,Post-Disruption,22740.0,21712.8,1027.2,4.52,95.48,0.0,5338.21,3926.9,0.00345,0.00345,0,True
67,1066,17,3,2,storage,Dynamic Re-Optimization (DPSRO),Post-Disruption,22956.2,22469.2,487.1,2.12,98.81,270.8,5571.77,5947.31,0.00646,0.00646,12,True
68,1067,25,3,2,None (Normal),Nearest Market Baseline,Pre-Disruption,31990.0,21145.61145110975,10844.38854889025,33.9,66.1,0.0,11460.09,7753.4,0.00033,0.0,0,True
68,1067,25,3,2,None (Normal),Cheapest Route Baseline,Pre-Disruption,31990.0,29089.7,2900.3,9.07,90.93,0.0,8476.89,5592.1,0.00422,0.0,0,True
68,1067,25,3,2,None (Normal),Dynamic Perishable Optimizer,Pre-Disruption,32703.2,31990.0,713.2,2.18,100.0,0.0,9305.55,7683.77,0.00553,0.0,0,True
68,1067,25,3,2,demand,Nearest Market Baseline,Post-Disruption,40590.0,28163.612976311604,12426.387023688392,30.61,67.72,997.0,14351.14,9921.32,0.00042,0.00042,0,True
68,1067,25,3,2,demand,Cheapest Route Baseline,Post-Disruption,40590.0,34866.3,5723.7,14.1,83.84,997.0,11627.13,8201.69,0.00471,0.00471,0,True
68,1067,25,3,2,demand,Dynamic Re-Optimization (DPSRO),Post-Disruption,32703.2,31990.0,713.2,2.18,76.92,9597.0,9305.54,7683.76,0.00068,0.00068,0,False
69,1068,12,3,2,None (Normal),Nearest Market Baseline,Pre-Disruption,14990.0,12312.108657099796,2677.8913429002046,17.86,82.14,0.0,4093.99,4077.6,0.00017,0.0,0,True
69,1068,12,3,2,None (Normal),Cheapest Route Baseline,Pre-Disruption,14990.0,14806.5,183.5,1.22,98.78,0.0,3289.46,1780.55,0.00296,0.0,0,True
69,1068,12,3,2,None (Normal),Dynamic Perishable Optimizer,Pre-Disruption,15122.0,14990.0,132.0,0.87,100.0,0.0,3496.39,2127.77,0.00384,0.0,0,True
69,1068,12,3,2,temperature,Nearest Market Baseline,Post-Disruption,14990.0,10509.083992656373,4480.916007343624,29.89,70.11,0.0,4093.99,6326.1,0.00064,0.00064,0,True
69,1068,12,3,2,temperature,Cheapest Route Baseline,Post-Disruption,14990.0,14806.5,183.5,1.22,98.78,0.0,3289.46,4029.05,0.00305,0.00305,0,True
69,1068,12,3,2,temperature,Dynamic Re-Optimization (DPSRO),Post-Disruption,15122.0,14990.0,132.0,0.87,100.0,0.0,3496.4,2127.76,0.00048,0.00048,0,False
70,1069,14,3,2,None (Normal),Nearest Market Baseline,Pre-Disruption,13240.0,7430.993946759461,5809.006053240539,43.87,56.13,0.0,4054.71,2945.9,0.00018,0.0,0,True
70,1069,14,3,2,None (Normal),Cheapest Route Baseline,Pre-Disruption,13240.0,13013.1,226.9,1.71,98.29,0.0,2994.83,1876.55,0.00319,0.0,0,True
70,1069,14,3,2,None (Normal),Dynamic Perishable Optimizer,Pre-Disruption,13293.5,13240.0,53.5,0.4,100.0,0.0,3210.8,1830.1,0.00364,0.0,0,True
70,1069,14,3,2,combined,Nearest Market Baseline,Post-Disruption,13240.0,6525.72562155203,6714.274378447971,50.71,49.29,0.0,4054.71,4931.9,0.00017,0.00017,0,True
70,1069,14,3,2,combined,Cheapest Route Baseline,Post-Disruption,13240.0,11936.9,1303.1,9.84,90.16,0.0,3497.84,5000.7,0.0044,0.0044,0,True
70,1069,14,3,2,combined,Dynamic Re-Optimization (DPSRO),Post-Disruption,13293.5,12262.8,1030.7,7.75,92.62,977.2,3722.78,5574.66,0.00383,0.00383,7,True
71,1070,11,3,2,None (Normal),Nearest Market Baseline,Pre-Disruption,14250.0,10484.67737336672,3765.3226266332817,26.42,73.58,0.0,4964.13,3928.1,0.00024,0.0,0,True
71,1070,11,3,2,None (Normal),Cheapest Route Baseline,Pre-Disruption,14250.0,13365.2,884.8,6.21,93.79,0.0,3898.05,2481.6,0.00271,0.0,0,True
71,1070,11,3,2,None (Normal),Dynamic Perishable Optimizer,Pre-Disruption,14490.0,14250.0,240.0,1.66,100.0,0.0,4240.92,2385.78,0.00465,0.0,0,True
71,1070,11,3,2,truck,Nearest Market Baseline,Post-Disruption,14250.0,10484.67737336672,3765.3226266332817,26.42,73.58,0.0,4964.13,3928.1,0.00049,0.00049,0,True
71,1070,11,3,2,truck,Cheapest Route Baseline,Post-Disruption,14250.0,13384.7,865.3,6.07,93.93,0.0,3908.41,2470.5,0.00348,0.00348,0,True
71,1070,11,3,2,truck,Dynamic Re-Optimization (DPSRO),Post-Disruption,14490.0,14154.7,335.3,2.31,99.33,95.3,4403.3,2451.12,0.00395,0.00395,4,True
72,1071,26,3,2,None (Normal),Nearest Market Baseline,Pre-Disruption,22980.0,16036.660736621838,6943.339263378166,30.21,69.79,0.0,6986.46,5789.9,0.00028,0.0,0,True
72,1071,26,3,2,None (Normal),Cheapest Route Baseline,Pre-Disruption,22980.0,22416.0,564.0,2.45,97.55,0.0,5801.99,3893.0,0.00533,0.0,0,True
72,1071,26,3,2,None (Normal),Dynamic Perishable Optimizer,Pre-Disruption,23165.7,22980.0,185.7,0.8,100.0,0.0,6747.89,3318.9,0.00559,0.0,0,True
72,1071,26,3,2,storage,Nearest Market Baseline,Post-Disruption,22980.0,16036.660736621838,6943.339263378166,30.21,69.79,0.0,6986.46,5789.9,0.00027,0.00027,0,True
72,1071,26,3,2,storage,Cheapest Route Baseline,Post-Disruption,22980.0,20196.0,2784.0,12.12,87.88,0.0,6138.74,5410.6,0.00318,0.00318,0,True
72,1071,26,3,2,storage,Dynamic Re-Optimization (DPSRO),Post-Disruption,23165.7,21227.3,1938.3,8.37,92.37,1752.7,7494.61,7977.67,0.00493,0.00493,9,True
73,1072,10,3,2,None (Normal),Nearest Market Baseline,Pre-Disruption,10470.0,7847.508154482331,2622.4918455176694,25.05,74.95,0.0,3580.19,2017.2,0.00014,0.0,0,True
73,1072,10,3,2,None (Normal),Cheapest Route Baseline,Pre-Disruption,10470.0,10310.2,159.8,1.53,98.47,0.0,2574.9,1583.4,0.00308,0.0,0,True
73,1072,10,3,2,None (Normal),Dynamic Perishable Optimizer,Pre-Disruption,10560.4,10470.0,90.4,0.86,100.0,0.0,2920.68,1499.33,0.00377,0.0,0,True
73,1072,10,3,2,demand,Nearest Market Baseline,Post-Disruption,13611.0,10864.98605017318,2746.0139498268195,20.17,79.83,0.0,4642.78,2541.98,0.00014,0.00014,0,True
73,1072,10,3,2,demand,Cheapest Route Baseline,Post-Disruption,13611.0,13401.9,209.1,1.54,98.46,0.0,3416.41,2048.1,0.00276,0.00276,0,True
73,1072,10,3,2,demand,Dynamic Re-Optimization (DPSRO),Post-Disruption,10560.4,10470.0,90.4,0.86,76.92,3141.0,2920.67,1499.34,0.00065,0.00065,0,False
74,1073,12,3,2,None (Normal),Nearest Market Baseline,Pre-Disruption,12020.0,10605.475460358108,1414.5245396418936,11.77,88.23,0.0,3809.84,2288.85,0.00022,0.0,0,True
74,1073,12,3,2,None (Normal),Cheapest Route Baseline,Pre-Disruption,12020.0,11950.2,69.8,0.58,99.42,0.0,3149.97,1538.5,0.00355,0.0,0,True
74,1073,12,3,2,None (Normal),Dynamic Perishable Optimizer,Pre-Disruption,12056.0,12020.0,36.0,0.3,100.0,0.0,3705.52,1603.1,0.00376,0.0,0,True
74,1073,12,3,2,temperature,Nearest Market Baseline,Post-Disruption,12020.0,9842.03036749621,2177.96963250379,18.12,81.88,0.0,3809.84,4091.85,0.00015,0.00015,0,True
74,1073,12,3,2,temperature,Cheapest Route Baseline,Post-Disruption,12020.0,11945.8,74.2,0.62,99.38,0.0,3149.97,3341.5,0.00348,0.00348,0,True
74,1073,12,3,2,temperature,Dynamic Re-Optimization (DPSRO),Post-Disruption,12056.0,12020.0,36.0,0.3,100.0,0.0,3705.51,1603.11,0.00113,0.00113,0,False
75,1074,21,3,2,None (Normal),Nearest Market Baseline,Pre-Disruption,23180.0,13098.572377224005,10081.427622775995,43.49,56.51,0.0,8883.99,4952.5,0.00025,0.0,0,True
75,1074,21,3,2,None (Normal),Cheapest Route Baseline,Pre-Disruption,23180.0,22755.6,424.4,1.83,98.17,0.0,6072.52,2516.5,0.00403,0.0,0,True
75,1074,21,3,2,None (Normal),Dynamic Perishable Optimizer,Pre-Disruption,23425.2,23180.0,245.2,1.05,100.0,0.0,6397.72,3128.94,0.00443,0.0,0,True
75,1074,21,3,2,combined,Nearest Market Baseline,Post-Disruption,23180.0,10034.958033660514,13145.041966339486,56.71,43.29,0.0,8883.99,8429.5,0.00016,0.00016,0,True
75,1074,21,3,2,combined,Cheapest Route Baseline,Post-Disruption,23180.0,20639.0,2541.0,10.96,89.04,0.0,6593.22,6927.05,0.00419,0.00419,0,True
75,1074,21,3,2,combined,Dynamic Re-Optimization (DPSRO),Post-Disruption,21240.0,20604.8,635.2,2.99,88.89,2575.2,6256.5,5991.9,0.004,0.004,10,True
76,1075,10,3,2,None (Normal),Nearest Market Baseline,Pre-Disruption,11410.0,5932.574464829769,5477.42553517023,48.01,51.99,0.0,3713.58,2280.1,0.00013,0.0,0,True
76,1075,10,3,2,None (Normal),Cheapest Route Baseline,Pre-Disruption,11410.0,11188.1,221.9,1.94,98.06,0.0,2591.5,1488.95,0.00226,0.0,0,True
76,1075,10,3,2,None (Normal),Dynamic Perishable Optimizer,Pre-Disruption,11532.4,11410.0,122.4,1.06,100.0,0.0,2848.56,1650.57,0.00318,0.0,0,True
76,1075,10,3,2,truck,Nearest Market Baseline,Post-Disruption,11410.0,5932.574464829769,5477.42553517023,48.01,51.99,0.0,3713.58,2280.1,0.00015,0.00015,0,True
76,1075,10,3,2,truck,Cheapest Route Baseline,Post-Disruption,11410.0,11195.9,214.1,1.88,98.12,0.0,2591.5,1488.95,0.0054,0.0054,0,True
76,1075,10,3,2,truck,Dynamic Re-Optimization (DPSRO),Post-Disruption,11532.4,11410.0,122.4,1.06,100.0,0.0,2848.58,1650.56,0.00049,0.00049,0,False
77,1076,28,3,2,None (Normal),Nearest Market Baseline,Pre-Disruption,29180.0,22059.3692855881,7120.630714411899,24.4,75.6,0.0,10017.11,6721.4,0.00028,0.0,0,True
77,1076,28,3,2,None (Normal),Cheapest Route Baseline,Pre-Disruption,29180.0,27775.6,1404.4,4.81,95.19,0.0,8410.8,3450.95,0.00429,0.0,0,True
77,1076,28,3,2,None (Normal),Dynamic Perishable Optimizer,Pre-Disruption,29535.3,29180.0,355.3,1.2,100.0,0.0,8996.0,4209.54,0.00766,0.0,0,True
77,1076,28,3,2,storage,Nearest Market Baseline,Post-Disruption,29180.0,22059.3692855881,7120.630714411899,24.4,75.6,0.0,10017.11,6721.4,0.00019,0.00019,0,True
77,1076,28,3,2,storage,Cheapest Route Baseline,Post-Disruption,29180.0,26588.8,2591.2,8.88,91.12,0.0,8697.89,3648.65,0.00423,0.00423,0,True
77,1076,28,3,2,storage,Dynamic Re-Optimization (DPSRO),Post-Disruption,27687.7,25693.3,1994.4,7.2,88.05,3486.7,8846.18,8371.99,0.0064,0.0064,9,True
78,1077,16,3,2,None (Normal),Nearest Market Baseline,Pre-Disruption,20350.0,11761.072110847588,8588.927889152412,42.21,57.79,0.0,6966.78,5156.5,0.00026,0.0,0,True
78,1077,16,3,2,None (Normal),Cheapest Route Baseline,Pre-Disruption,20350.0,19156.9,1193.1,5.86,94.14,0.0,5349.2,2718.55,0.00449,0.0,0,True
78,1077,16,3,2,None (Normal),Dynamic Perishable Optimizer,Pre-Disruption,20740.7,20350.0,390.7,1.88,100.0,0.0,5618.67,3164.53,0.00531,0.0,0,True
78,1077,16,3,2,demand,Nearest Market Baseline,Post-Disruption,23370.0,15405.931735696651,7964.068264303346,34.08,58.23,3085.0,7894.05,5841.39,0.00035,0.00035,0,True
78,1077,16,3,2,demand,Cheapest Route Baseline,Post-Disruption,23370.0,19884.3,3485.7,14.92,75.16,3085.0,6139.35,3257.08,0.00461,0.00461,0,True
78,1077,16,3,2,demand,Dynamic Re-Optimization (DPSRO),Post-Disruption,20740.7,20350.0,390.6,1.88,76.92,6105.0,5618.64,3164.55,0.001,0.001,0,False
79,1078,17,3,2,None (Normal),Nearest Market Baseline,Pre-Disruption,19820.0,7200.403821586754,12619.596178413247,63.67,36.33,0.0,7433.7,5808.5,0.00021,0.0,0,True
79,1078,17,3,2,None (Normal),Cheapest Route Baseline,Pre-Disruption,19820.0,17917.2,1902.8,9.6,90.4,0.0,5840.06,3904.25,0.00358,0.0,0,True
79,1078,17,3,2,None (Normal),Dynamic Perishable Optimizer,Pre-Disruption,20240.0,19820.0,420.0,2.08,100.0,0.0,6082.61,3264.88,0.00312,0.0,0,True
79,1078,17,3,2,temperature,Nearest Market Baseline,Post-Disruption,19820.0,3691.611480365503,16128.388519634496,81.37,18.63,0.0,7433.7,8781.5,0.00021,0.00021,0,True
79,1078,17,3,2,temperature,Cheapest Route Baseline,Post-Disruption,19820.0,17051.2,2768.8,13.97,86.03,0.0,5840.06,6877.25,0.00702,0.00702,0,True
79,1078,17,3,2,temperature,Dynamic Re-Optimization (DPSRO),Post-Disruption,20240.0,19820.0,420.0,2.08,100.0,0.0,6082.62,3264.88,0.00061,0.00061,0,False
80,1079,13,3,2,None (Normal),Nearest Market Baseline,Pre-Disruption,16220.0,13949.471752910735,2270.5282470892653,14.0,86.0,0.0,4575.99,4481.8,0.0002,0.0,0,True
80,1079,13,3,2,None (Normal),Cheapest Route Baseline,Pre-Disruption,16220.0,16042.8,177.2,1.09,98.91,0.0,3595.87,2312.3,0.00365,0.0,0,True
80,1079,13,3,2,None (Normal),Dynamic Perishable Optimizer,Pre-Disruption,16342.4,16220.0,122.4,0.75,100.0,0.0,3929.87,2475.64,0.00381,0.0,0,True
80,1079,13,3,2,combined,Nearest Market Baseline,Post-Disruption,16220.0,12906.071992703106,3313.928007296894,20.43,79.57,0.0,4575.99,6914.8,0.00022,0.00022,0,True
80,1079,13,3,2,combined,Cheapest Route Baseline,Post-Disruption,16220.0,16044.0,176.0,1.08,98.92,0.0,3834.47,5000.4,0.00647,0.00647,0,True
80,1079,13,3,2,combined,Dynamic Re-Optimization (DPSRO),Post-Disruption,16342.4,16143.9,198.5,1.21,99.53,76.1,3938.42,3525.9,0.00403,0.00403,8,True
81,1080,15,3,2,None (Normal),Nearest Market Baseline,Pre-Disruption,17320.0,13200.269022333121,4119.73097766688,23.79,76.21,0.0,5321.12,3901.8,0.00017,0.0,0,True
81,1080,15,3,2,None (Normal),Cheapest Route Baseline,Pre-Disruption,17320.0,17130.4,189.6,1.09,98.91,0.0,4239.49,2147.95,0.00303,0.0,0,True
81,1080,15,3,2,None (Normal),Dynamic Perishable Optimizer,Pre-Disruption,17391.3,17320.0,71.3,0.41,100.0,0.0,4424.47,2449.74,0.00488,0.0,0,True
81,1080,15,3,2,truck,Nearest Market Baseline,Post-Disruption,17320.0,13200.269022333121,4119.73097766688,23.79,76.21,0.0,5321.12,3901.8,0.0002,0.0002,0,True
81,1080,15,3,2,truck,Cheapest Route Baseline,Post-Disruption,17320.0,17124.2,195.8,1.13,98.87,0.0,4403.47,2298.45,0.00384,0.00384,0,True
81,1080,15,3,2,truck,Dynamic Re-Optimization (DPSRO),Post-Disruption,17391.3,16722.2,669.1,3.85,96.55,597.8,4919.05,4753.31,0.00325,0.00325,4,True
82,1081,10,3,2,None (Normal),Nearest Market Baseline,Pre-Disruption,13120.0,10177.197459805353,2942.8025401946484,22.43,77.57,0.0,4031.49,2885.1,0.00012,0.0,0,True
82,1081,10,3,2,None (Normal),Cheapest Route Baseline,Pre-Disruption,13120.0,12926.4,193.6,1.48,98.52,0.0,3168.22,1585.15,0.00312,0.0,0,True
82,1081,10,3,2,None (Normal),Dynamic Perishable Optimizer,Pre-Disruption,13268.0,13120.0,148.0,1.12,100.0,0.0,3552.2,1825.29,0.00537,0.0,0,True
82,1081,10,3,2,storage,Nearest Market Baseline,Post-Disruption,13120.0,10177.197459805353,2942.8025401946484,22.43,77.57,0.0,4031.49,2885.1,0.0001,0.0001,0,True
82,1081,10,3,2,storage,Cheapest Route Baseline,Post-Disruption,13120.0,12774.4,345.6,2.63,97.37,0.0,3258.6,1501.15,0.00267,0.00267,0,True
82,1081,10,3,2,storage,Dynamic Re-Optimization (DPSRO),Post-Disruption,13268.0,13053.2,214.8,1.62,99.49,66.8,3496.77,1930.95,0.00242,0.00242,3,True
83,1082,27,3,2,None (Normal),Nearest Market Baseline,Pre-Disruption,33390.0,24059.574340807823,9330.425659192171,27.94,72.06,0.0,10973.55,5927.8,0.00043,0.0,0,True
83,1082,27,3,2,None (Normal),Cheapest Route Baseline,Pre-Disruption,33390.0,30373.4,3016.6,9.03,90.97,0.0,8768.33,4246.0,0.00649,0.0,0,True
83,1082,27,3,2,None (Normal),Dynamic Perishable Optimizer,Pre-Disruption,33907.6,33390.0,517.6,1.53,100.0,0.0,9287.77,8731.78,0.00628,0.0,0,True
83,1082,27,3,2,demand,Nearest Market Baseline,Post-Disruption,41630.0,32653.107286290247,8976.892713709745,21.56,75.23,1777.0,13451.21,6941.83,0.00044,0.00044,0,True
83,1082,27,3,2,demand,Cheapest Route Baseline,Post-Disruption,41630.0,37228.3,4401.7,10.57,85.77,1777.0,11364.75,5637.33,0.00505,0.00505,0,True
83,1082,27,3,2,demand,Dynamic Re-Optimization (DPSRO),Post-Disruption,33907.6,33390.0,517.6,1.53,76.92,10017.0,9287.75,8731.77,0.00071,0.00071,0,False
84,1083,17,3,2,None (Normal),Nearest Market Baseline,Pre-Disruption,18040.0,14380.583511615938,3659.4164883840617,20.29,79.71,0.0,5876.17,4732.1,0.00018,0.0,0,True
84,1083,17,3,2,None (Normal),Cheapest Route Baseline,Pre-Disruption,18040.0,17798.5,241.5,1.34,98.66,0.0,4569.93,2866.6,0.00354,0.0,0,True
84,1083,17,3,2,None (Normal),Dynamic Perishable Optimizer,Pre-Disruption,18185.7,18040.0,145.7,0.8,100.0,0.0,4953.52,2463.16,0.00511,0.0,0,True
84,1083,17,3,2,temperature,Nearest Market Baseline,Post-Disruption,18040.0,12119.961296614132,5920.03870338587,32.82,67.18,0.0,5876.17,7438.1,0.00019,0.00019,0,True
84,1083,17,3,2,temperature,Cheapest Route Baseline,Post-Disruption,18040.0,17798.5,241.5,1.34,98.66,0.0,4569.93,5572.6,0.00349,0.00349,0,True
84,1083,17,3,2,temperature,Dynamic Re-Optimization (DPSRO),Post-Disruption,18185.7,18040.0,145.7,0.8,100.0,0.0,4953.51,2463.17,0.00056,0.00056,0,False
85,1084,19,3,2,None (Normal),Nearest Market Baseline,Pre-Disruption,21400.0,17161.992490309625,4238.007509690373,19.8,80.2,0.0,6872.73,6105.0,0.00021,0.0,0,True
85,1084,19,3,2,None (Normal),Cheapest Route Baseline,Pre-Disruption,21400.0,21084.0,316.0,1.48,98.52,0.0,4784.08,2884.2,0.00418,0.0,0,True
85,1084,19,3,2,None (Normal),Dynamic Perishable Optimizer,Pre-Disruption,21513.8,21400.0,113.8,0.53,100.0,0.0,5255.9,2667.48,0.00547,0.0,0,True
85,1084,19,3,2,combined,Nearest Market Baseline,Post-Disruption,21400.0,14981.266243667802,6418.733756332199,29.99,70.01,0.0,6872.73,9315.0,0.00016,0.00016,0,True
85,1084,19,3,2,combined,Cheapest Route Baseline,Post-Disruption,21400.0,19810.4,1589.6,7.43,92.57,0.0,5408.77,6299.45,0.00294,0.00294,0,True
85,1084,19,3,2,combined,Dynamic Re-Optimization (DPSRO),Post-Disruption,21513.8,20851.3,662.5,3.08,97.44,548.7,5701.71,5569.37,0.00379,0.00379,4,True
86,1085,16,3,2,None (Normal),Nearest Market Baseline,Pre-Disruption,16870.0,11778.083487548716,5091.916512451282,30.18,69.82,0.0,5142.05,3759.0,0.00021,0.0,0,True
86,1085,16,3,2,None (Normal),Cheapest Route Baseline,Pre-Disruption,16870.0,15814.8,1055.2,6.25,93.75,0.0,4385.63,2903.0,0.0051,0.0,0,True
86,1085,16,3,2,None (Normal),Dynamic Perishable Optimizer,Pre-Disruption,17179.4,16870.0,309.4,1.8,100.0,0.0,5182.81,2414.26,0.00477,0.0,0,True
86,1085,16,3,2,truck,Nearest Market Baseline,Post-Disruption,16870.0,11778.083487548716,5091.916512451282,30.18,69.82,0.0,5142.05,3759.0,0.0002,0.0002,0,True
86,1085,16,3,2,truck,Cheapest Route Baseline,Post-Disruption,16870.0,15832.8,1037.2,6.15,93.85,0.0,4385.63,2903.0,0.00364,0.00364,0,True
86,1085,16,3,2,truck,Dynamic Re-Optimization (DPSRO),Post-Disruption,17179.4,16824.9,354.6,2.06,99.73,45.1,5335.5,2438.63,0.00359,0.00359,2,True
87,1086,15,3,2,None (Normal),Nearest Market Baseline,Pre-Disruption,17660.0,14440.197605129648,3219.802394870353,18.23,81.77,0.0,5556.99,4298.0,0.00022,0.0,0,True
87,1086,15,3,2,None (Normal),Cheapest Route Baseline,Pre-Disruption,17660.0,17402.6,257.4,1.46,98.54,0.0,3828.44,1940.4,0.00369,0.0,0,True
87,1086,15,3,2,None (Normal),Dynamic Perishable Optimizer,Pre-Disruption,17795.9,17660.0,135.9,0.76,100.0,0.0,4479.37,2219.24,0.00336,0.0,0,True
87,1086,15,3,2,storage,Nearest Market Baseline,Post-Disruption,17660.0,14440.197605129648,3219.802394870353,18.23,81.77,0.0,5556.99,4298.0,0.00032,0.00032,0,True
87,1086,15,3,2,storage,Cheapest Route Baseline,Post-Disruption,17660.0,16706.3,953.7,5.4,94.6,0.0,4284.15,2707.95,0.0037,0.0037,0,True
87,1086,15,3,2,storage,Dynamic Re-Optimization (DPSRO),Post-Disruption,17795.9,17427.2,368.7,2.07,98.68,232.8,4645.06,3910.15,0.00344,0.00344,5,True
88,1087,29,3,2,None (Normal),Nearest Market Baseline,Pre-Disruption,34340.0,24957.23740484941,9382.76259515059,27.32,72.68,0.0,11686.29,8184.3,0.00034,0.0,0,True
88,1087,29,3,2,None (Normal),Cheapest Route Baseline,Pre-Disruption,34340.0,32565.3,1774.7,5.17,94.83,0.0,9136.59,5093.95,0.00586,0.0,0,True
88,1087,29,3,2,None (Normal),Dynamic Perishable Optimizer,Pre-Disruption,34806.4,34340.0,466.4,1.34,100.0,0.0,9991.61,7395.86,0.00627,0.0,0,True
88,1087,29,3,2,demand,Nearest Market Baseline,Post-Disruption,44642.0,34842.71129211176,9799.288707888247,21.95,78.05,0.0,15053.12,10721.62,0.00036,0.00036,0,True
88,1087,29,3,2,demand,Cheapest Route Baseline,Post-Disruption,44642.0,41134.6,3507.4,7.86,92.14,0.0,12296.68,7809.82,0.00538,0.00538,0,True
88,1087,29,3,2,demand,Dynamic Re-Optimization (DPSRO),Post-Disruption,34806.4,34340.0,466.4,1.34,76.92,10302.0,9991.61,7395.88,0.0007,0.0007,0,False
89,1088,16,3,2,None (Normal),Nearest Market Baseline,Pre-Disruption,20390.0,16100.604257825666,4289.395742174333,21.04,78.96,0.0,6645.63,5183.8,0.00021,0.0,0,True
89,1088,16,3,2,None (Normal),Cheapest Route Baseline,Pre-Disruption,20390.0,20179.2,210.8,1.03,98.97,0.0,4972.41,2100.6,0.00386,0.0,0,True
89,1088,16,3,2,None (Normal),Dynamic Perishable Optimizer,Pre-Disruption,20562.7,20390.0,172.7,0.84,100.0,0.0,5338.46,2669.62,0.00389,0.0,0,True
89,1088,16,3,2,temperature,Nearest Market Baseline,Post-Disruption,20390.0,13465.52594666081,6924.4740533391905,33.96,66.04,0.0,6645.63,8242.3,0.00027,0.00027,0,True
89,1088,16,3,2,temperature,Cheapest Route Baseline,Post-Disruption,20390.0,20179.2,210.8,1.03,98.97,0.0,4972.41,5159.1,0.00348,0.00348,0,True
89,1088,16,3,2,temperature,Dynamic Re-Optimization (DPSRO),Post-Disruption,20562.7,20390.0,172.7,0.84,100.0,0.0,5338.45,2669.63,0.00044,0.00044,0,False
90,1089,29,3,2,None (Normal),Nearest Market Baseline,Pre-Disruption,41300.0,33982.91007276845,7317.089927231553,17.72,81.63,330.0,13905.95,9576.3,0.00036,0.0,0,True
90,1089,29,3,2,None (Normal),Cheapest Route Baseline,Pre-Disruption,41300.0,39227.0,2073.0,5.02,94.23,330.0,10745.05,5592.75,0.00501,0.0,0,True
90,1089,29,3,2,None (Normal),Dynamic Perishable Optimizer,Pre-Disruption,41300.0,40044.5,1255.5,3.04,96.19,1585.5,11311.6,12550.47,0.00807,0.0,0,True
90,1089,29,3,2,combined,Nearest Market Baseline,Post-Disruption,41300.0,30285.543624368504,11014.456375631493,26.67,72.75,330.0,13905.95,15771.3,0.00041,0.00041,0,True
90,1089,29,3,2,combined,Cheapest Route Baseline,Post-Disruption,41300.0,31867.8,9432.2,22.84,76.55,330.0,12635.67,13768.7,0.00482,0.00482,0,True
90,1089,29,3,2,combined,Dynamic Re-Optimization (DPSRO),Post-Disruption,31700.0,28550.4,3149.6,9.94,68.58,13079.6,9522.43,14605.6,0.00475,0.00475,11,True
91,1090,16,3,2,None (Normal),Nearest Market Baseline,Pre-Disruption,17470.0,14459.246140921643,3010.7538590783606,17.23,82.77,0.0,5382.28,3005.3,0.00081,0.0,0,True
91,1090,16,3,2,None (Normal),Cheapest Route Baseline,Pre-Disruption,17470.0,17338.2,131.8,0.75,99.25,0.0,3928.27,2048.8,0.00306,0.0,0,True
91,1090,16,3,2,None (Normal),Dynamic Perishable Optimizer,Pre-Disruption,17545.1,17470.0,75.1,0.43,100.0,0.0,4116.03,2386.99,0.00411,0.0,0,True
91,1090,16,3,2,truck,Nearest Market Baseline,Post-Disruption,17470.0,14459.246140921643,3010.7538590783606,17.23,82.77,0.0,5382.28,3005.3,0.00023,0.00023,0,True
91,1090,16,3,2,truck,Cheapest Route Baseline,Post-Disruption,17470.0,17200.5,269.5,1.54,98.46,0.0,4134.8,2225.5,0.00427,0.00427,0,True
91,1090,16,3,2,truck,Dynamic Re-Optimization (DPSRO),Post-Disruption,17545.1,17174.2,370.9,2.11,98.31,295.8,4703.9,5521.53,0.00441,0.00441,6,True
92,1091,15,3,2,None (Normal),Nearest Market Baseline,Pre-Disruption,15640.0,11449.008499048137,4190.991500951863,26.8,73.2,0.0,5440.0,4154.4,0.00021,0.0,0,True
92,1091,15,3,2,None (Normal),Cheapest Route Baseline,Pre-Disruption,15640.0,15480.5,159.5,1.02,98.98,0.0,3700.66,1799.4,0.00376,0.0,0,True
92,1091,15,3,2,None (Normal),Dynamic Perishable Optimizer,Pre-Disruption,15764.0,15640.0,124.0,0.79,100.0,0.0,4052.46,2076.88,0.0042,0.0,0,True
92,1091,15,3,2,storage,Nearest Market Baseline,Post-Disruption,15640.0,11449.008499048137,4190.991500951863,26.8,73.2,0.0,5440.0,4154.4,0.00016,0.00016,0,True
92,1091,15,3,2,storage,Cheapest Route Baseline,Post-Disruption,15640.0,14730.1,909.9,5.82,94.18,0.0,4127.12,2191.6,0.00406,0.00406,0,True
92,1091,15,3,2,storage,Dynamic Re-Optimization (DPSRO),Post-Disruption,15764.0,14671.0,1093.0,6.93,93.8,969.0,4587.22,4611.76,0.00361,0.00361,3,True
93,1092,19,3,2,None (Normal),Nearest Market Baseline,Pre-Disruption,20490.0,16057.581693939104,4432.418306060895,21.63,78.37,0.0,6463.02,4061.7,0.00019,0.0,0,True
93,1092,19,3,2,None (Normal),Cheapest Route Baseline,Pre-Disruption,20490.0,20237.3,252.7,1.23,98.77,0.0,4580.68,3114.75,0.0036,0.0,0,True
93,1092,19,3,2,None (Normal),Dynamic Perishable Optimizer,Pre-Disruption,20568.4,20490.0,78.4,0.38,100.0,0.0,5328.94,3112.4,0.00513,0.0,0,True
93,1092,19,3,2,demand,Nearest Market Baseline,Post-Disruption,26637.0,21919.66069617417,4717.339303825831,17.71,82.29,0.0,8519.17,5598.09,0.00022,0.00022,0,True
93,1092,19,3,2,demand,Cheapest Route Baseline,Post-Disruption,26637.0,26292.6,344.4,1.29,98.71,0.0,6220.26,4019.43,0.00352,0.00352,0,True
93,1092,19,3,2,demand,Dynamic Re-Optimization (DPSRO),Post-Disruption,20568.4,20490.0,78.4,0.38,76.92,6147.0,5328.94,3112.4,0.00044,0.00044,0,False
94,1093,16,3,2,None (Normal),Nearest Market Baseline,Pre-Disruption,16810.0,12305.231504485502,4504.7684955145005,26.8,73.2,0.0,5678.14,4143.9,0.00029,0.0,0,True
94,1093,16,3,2,None (Normal),Cheapest Route Baseline,Pre-Disruption,16810.0,16489.2,320.8,1.91,98.09,0.0,4280.33,1808.85,0.00301,0.0,0,True
94,1093,16,3,2,None (Normal),Dynamic Perishable Optimizer,Pre-Disruption,17053.5,16810.0,243.5,1.43,100.0,0.0,4390.25,2398.31,0.00318,0.0,0,True
94,1093,16,3,2,temperature,Nearest Market Baseline,Post-Disruption,16810.0,10511.426136862752,6298.573863137249,37.47,62.53,0.0,5678.14,6665.4,0.00023,0.00023,0,True
94,1093,16,3,2,temperature,Cheapest Route Baseline,Post-Disruption,16810.0,16489.2,320.8,1.91,98.09,0.0,4280.33,4330.35,0.00677,0.00677,0,True
94,1093,16,3,2,temperature,Dynamic Re-Optimization (DPSRO),Post-Disruption,17053.5,16810.0,243.5,1.43,100.0,0.0,4390.25,2398.31,0.00056,0.00056,0,False
95,1094,10,3,2,None (Normal),Nearest Market Baseline,Pre-Disruption,11870.0,10012.921794516926,1857.0782054830743,15.65,82.14,320.0,3975.98,2941.6,0.00018,0.0,0,True
95,1094,10,3,2,None (Normal),Cheapest Route Baseline,Pre-Disruption,11870.0,11724.4,145.6,1.23,96.18,320.0,2830.29,1554.7,0.00257,0.0,0,True
95,1094,10,3,2,None (Normal),Dynamic Perishable Optimizer,Pre-Disruption,11870.0,11732.5,137.5,1.16,96.25,457.5,2922.24,1796.53,0.0031,0.0,0,True
95,1094,10,3,2,combined,Nearest Market Baseline,Post-Disruption,11870.0,9101.930033414665,2768.069966585336,23.32,74.67,320.0,3975.98,4722.1,0.00013,0.00013,0,True
95,1094,10,3,2,combined,Cheapest Route Baseline,Post-Disruption,11870.0,11506.1,363.9,3.07,94.39,320.0,3197.45,4119.15,0.00506,0.00506,0,True
95,1094,10,3,2,combined,Dynamic Re-Optimization (DPSRO),Post-Disruption,11870.0,11346.3,523.7,4.41,93.08,843.7,3295.17,4064.12,0.00343,0.00343,7,True
96,1095,11,3,2,None (Normal),Nearest Market Baseline,Pre-Disruption,14040.0,9977.601310448856,4062.3986895511457,28.93,71.07,0.0,5020.03,2901.8,0.00016,0.0,0,True
96,1095,11,3,2,None (Normal),Cheapest Route Baseline,Pre-Disruption,14040.0,13793.7,246.3,1.75,98.25,0.0,3537.36,1889.75,0.00282,0.0,0,True
96,1095,11,3,2,None (Normal),Dynamic Perishable Optimizer,Pre-Disruption,14178.2,14040.0,138.2,0.97,100.0,0.0,3652.81,2058.54,0.00439,0.0,0,True
96,1095,11,3,2,truck,Nearest Market Baseline,Post-Disruption,14040.0,9977.601310448856,4062.3986895511457,28.93,71.07,0.0,5020.03,2901.8,0.00014,0.00014,0,True
96,1095,11,3,2,truck,Cheapest Route Baseline,Post-Disruption,14040.0,13821.5,218.5,1.56,98.44,0.0,3537.36,1889.75,0.00378,0.00378,0,True
96,1095,11,3,2,truck,Dynamic Re-Optimization (DPSRO),Post-Disruption,13750.0,13351.8,398.2,2.9,95.1,688.2,3712.79,2847.1,0.00283,0.00283,3,True
97,1096,10,3,2,None (Normal),Nearest Market Baseline,Pre-Disruption,11040.0,8209.626889304513,2830.37311069549,25.64,74.36,0.0,4134.73,1906.1,0.00016,0.0,0,True
97,1096,10,3,2,None (Normal),Cheapest Route Baseline,Pre-Disruption,11040.0,10907.9,132.1,1.2,98.8,0.0,2904.35,1171.1,0.00262,0.0,0,True
97,1096,10,3,2,None (Normal),Dynamic Perishable Optimizer,Pre-Disruption,11113.2,11040.0,73.2,0.66,100.0,0.0,3151.4,1487.23,0.00329,0.0,0,True
97,1096,10,3,2,storage,Nearest Market Baseline,Post-Disruption,11040.0,8209.626889304513,2830.37311069549,25.64,74.36,0.0,4134.73,1906.1,0.00014,0.00014,0,True
97,1096,10,3,2,storage,Cheapest Route Baseline,Post-Disruption,11040.0,10498.9,541.1,4.9,95.1,0.0,3464.39,1215.7,0.00398,0.00398,0,True
97,1096,10,3,2,storage,Dynamic Re-Optimization (DPSRO),Post-Disruption,11113.2,10598.9,514.3,4.63,96.0,441.1,3571.04,2382.39,0.00359,0.00359,4,True
98,1097,11,3,2,None (Normal),Nearest Market Baseline,Pre-Disruption,12670.0,11178.238231943556,1491.7617680564426,11.77,88.23,0.0,3639.92,3001.3,0.00014,0.0,0,True
98,1097,11,3,2,None (Normal),Cheapest Route Baseline,Pre-Disruption,12670.0,12568.2,101.8,0.8,99.2,0.0,2912.31,1355.8,0.00269,0.0,0,True
98,1097,11,3,2,None (Normal),Dynamic Perishable Optimizer,Pre-Disruption,12738.4,12670.0,68.4,0.54,100.0,0.0,3021.9,1627.76,0.00535,0.0,0,True
98,1097,11,3,2,demand,Nearest Market Baseline,Post-Disruption,16471.0,14877.498973677637,1593.501026322363,9.67,90.33,0.0,4746.78,4001.8,0.00019,0.00019,0,True
98,1097,11,3,2,demand,Cheapest Route Baseline,Post-Disruption,16471.0,16319.2,151.8,0.92,99.08,0.0,3966.69,1601.97,0.00374,0.00374,0,True
98,1097,11,3,2,demand,Dynamic Re-Optimization (DPSRO),Post-Disruption,12738.4,12670.0,68.4,0.54,76.92,3801.0,3021.9,1627.76,0.00047,0.00047,0,False
99,1098,25,3,2,None (Normal),Nearest Market Baseline,Pre-Disruption,31770.0,27258.038719135267,4511.96128086473,14.2,85.8,0.0,9071.76,7870.1,0.00034,0.0,0,True
99,1098,25,3,2,None (Normal),Cheapest Route Baseline,Pre-Disruption,31770.0,30728.5,1041.5,3.28,96.72,0.0,7538.35,5039.25,0.00498,0.0,0,True
99,1098,25,3,2,None (Normal),Dynamic Perishable Optimizer,Pre-Disruption,32040.2,31770.0,270.2,0.84,100.0,0.0,8054.89,6805.63,0.00595,0.0,0,True
99,1098,25,3,2,temperature,Nearest Market Baseline,Post-Disruption,31770.0,24512.297285733617,7257.70271426638,22.84,77.16,0.0,9071.76,12635.6,0.00035,0.00035,0,True
99,1098,25,3,2,temperature,Cheapest Route Baseline,Post-Disruption,31770.0,30220.5,1549.5,4.88,95.12,0.0,7538.35,9804.75,0.00481,0.00481,0,True
99,1098,25,3,2,temperature,Dynamic Re-Optimization (DPSRO),Post-Disruption,32040.2,31770.0,270.3,0.84,100.0,0.0,8054.92,6805.61,0.00058,0.00058,0,False
100,1099,22,3,2,None (Normal),Nearest Market Baseline,Pre-Disruption,23140.0,16628.201671284813,6511.798328715187,28.14,71.86,0.0,7204.64,5183.0,0.00029,0.0,0,True
100,1099,22,3,2,None (Normal),Cheapest Route Baseline,Pre-Disruption,23140.0,22888.9,251.1,1.09,98.91,0.0,5131.81,2608.9,0.0051,0.0,0,True
100,1099,22,3,2,None (Normal),Dynamic Perishable Optimizer,Pre-Disruption,23408.0,23140.0,268.0,1.14,100.0,0.0,5917.06,2982.77,0.00519,0.0,0,True
100,1099,22,3,2,combined,Nearest Market Baseline,Post-Disruption,23140.0,14553.160678794098,8586.839321205904,37.11,62.89,0.0,7204.64,8654.0,0.00016,0.00016,0,True
100,1099,22,3,2,combined,Cheapest Route Baseline,Post-Disruption,23140.0,20679.9,2460.1,10.63,89.37,0.0,5532.2,7247.0,0.00303,0.00303,0,True
100,1099,22,3,2,combined,Dynamic Re-Optimization (DPSRO),Post-Disruption,21188.0,19495.8,1692.2,7.99,84.25,3644.2,5247.42,7582.04,0.00519,0.00519,14,True
